epsilon,is_neural,method,metric,n_sample,rank,scenario,scenario_label,value
0.2,0,mrp_rr_poststrat,mean_overall_l1,500,1,no_bias,no_bias,0.1362523557722568
0.2,0,raw_reported_distribution,mean_overall_l1,500,2,no_bias,no_bias,0.16200000000000003
0.2,0,mrp_misreport_rr_poststrat,mean_overall_l1,500,3,no_bias,no_bias,0.21355350896590292
0.2,0,mrp_learned_misreport_rr_poststrat,mean_overall_l1,500,4,no_bias,no_bias,0.23135635369880395
0.2,1,neural_rr_mrp,mean_overall_l1,500,5,no_bias,no_bias,0.2360545010947323
0.2,0,baseline_rr_debias,mean_overall_l1,500,6,no_bias,no_bias,1.010512477149713
0.2,0,mrp_rr_poststrat,mean_weighted_region_l1,500,1,no_bias,no_bias,0.396549862408638
0.2,0,mrp_misreport_rr_poststrat,mean_weighted_region_l1,500,2,no_bias,no_bias,0.42231143062077314
0.2,1,neural_rr_mrp,mean_weighted_region_l1,500,3,no_bias,no_bias,0.4276107455380398
0.2,0,mrp_learned_misreport_rr_poststrat,mean_weighted_region_l1,500,4,no_bias,no_bias,0.4290672627083072
0.2,0,raw_reported_distribution,mean_weighted_region_l1,500,5,no_bias,no_bias,0.46237855176483483
0.2,0,baseline_rr_debias,mean_weighted_region_l1,500,6,no_bias,no_bias,0.9628894414568318
0.2,0,mrp_rr_poststrat,mean_weighted_age_l1,500,1,no_bias,no_bias,0.2857430320620537
0.2,0,mrp_misreport_rr_poststrat,mean_weighted_age_l1,500,2,no_bias,no_bias,0.33138961369626474
0.2,0,mrp_learned_misreport_rr_poststrat,mean_weighted_age_l1,500,3,no_bias,no_bias,0.34212387464071253
0.2,1,neural_rr_mrp,mean_weighted_age_l1,500,4,no_bias,no_bias,0.36161686568893414
0.2,0,raw_reported_distribution,mean_weighted_age_l1,500,5,no_bias,no_bias,0.3789803337405715
0.2,0,baseline_rr_debias,mean_weighted_age_l1,500,6,no_bias,no_bias,1.0105831676407382
0.2,0,raw_reported_distribution,mean_runtime_sec,500,1,no_bias,no_bias,0.00045090699995853356
0.2,0,baseline_rr_debias,mean_runtime_sec,500,2,no_bias,no_bias,0.0012200959999972838
0.2,0,mrp_misreport_rr_poststrat,mean_runtime_sec,500,3,no_bias,no_bias,0.002827409000019543
0.2,0,mrp_rr_poststrat,mean_runtime_sec,500,4,no_bias,no_bias,0.0028971820001970627
0.2,0,mrp_learned_misreport_rr_poststrat,mean_runtime_sec,500,5,no_bias,no_bias,0.003433946000313881
0.2,1,neural_rr_mrp,mean_runtime_sec,500,6,no_bias,no_bias,0.015153485000155342
0.5,0,raw_reported_distribution,mean_overall_l1,500,1,no_bias,no_bias,0.17320000000000002
0.5,0,mrp_misreport_rr_poststrat,mean_overall_l1,500,2,no_bias,no_bias,0.21292016567845884
0.5,0,mrp_learned_misreport_rr_poststrat,mean_overall_l1,500,3,no_bias,no_bias,0.23080563937178794
0.5,1,neural_rr_mrp,mean_overall_l1,500,4,no_bias,no_bias,0.24957862483404022
0.5,0,mrp_rr_poststrat,mean_overall_l1,500,5,no_bias,no_bias,0.27787353110611435
0.5,0,baseline_rr_debias,mean_overall_l1,500,6,no_bias,no_bias,0.6482152284445329
0.5,0,mrp_misreport_rr_poststrat,mean_weighted_region_l1,500,1,no_bias,no_bias,0.42228461458308164
0.5,0,mrp_learned_misreport_rr_poststrat,mean_weighted_region_l1,500,2,no_bias,no_bias,0.42907699339912286
0.5,0,raw_reported_distribution,mean_weighted_region_l1,500,3,no_bias,no_bias,0.45905638104610336
0.5,0,mrp_rr_poststrat,mean_weighted_region_l1,500,4,no_bias,no_bias,0.4710506143480539
0.5,1,neural_rr_mrp,mean_weighted_region_l1,500,5,no_bias,no_bias,0.4826205582059007
0.5,0,baseline_rr_debias,mean_weighted_region_l1,500,6,no_bias,no_bias,0.9246226294847195
0.5,0,raw_reported_distribution,mean_weighted_age_l1,500,1,no_bias,no_bias,0.2887439141739543
0.5,0,mrp_misreport_rr_poststrat,mean_weighted_age_l1,500,2,no_bias,no_bias,0.3313134438281433
0.5,0,mrp_learned_misreport_rr_poststrat,mean_weighted_age_l1,500,3,no_bias,no_bias,0.34197409499653364
0.5,1,neural_rr_mrp,mean_weighted_age_l1,500,4,no_bias,no_bias,0.360307451107257
0.5,0,mrp_rr_poststrat,mean_weighted_age_l1,500,5,no_bias,no_bias,0.36704565596282485
0.5,0,baseline_rr_debias,mean_weighted_age_l1,500,6,no_bias,no_bias,0.8881859648342002
0.5,0,raw_reported_distribution,mean_runtime_sec,500,1,no_bias,no_bias,0.00031129199987844913
0.5,0,baseline_rr_debias,mean_runtime_sec,500,2,no_bias,no_bias,0.0010651789998519234
0.5,0,mrp_misreport_rr_poststrat,mean_runtime_sec,500,3,no_bias,no_bias,0.003141937000236794
0.5,0,mrp_rr_poststrat,mean_runtime_sec,500,4,no_bias,no_bias,0.0031522579997727007
0.5,0,mrp_learned_misreport_rr_poststrat,mean_runtime_sec,500,5,no_bias,no_bias,0.003320542999972531
0.5,1,neural_rr_mrp,mean_runtime_sec,500,6,no_bias,no_bias,0.012510641999597283
1.0,0,raw_reported_distribution,mean_overall_l1,500,1,no_bias,no_bias,0.182
1.0,0,mrp_misreport_rr_poststrat,mean_overall_l1,500,2,no_bias,no_bias,0.21201602073691872
1.0,0,mrp_rr_poststrat,mean_overall_l1,500,3,no_bias,no_bias,0.22092495321929456
1.0,0,mrp_learned_misreport_rr_poststrat,mean_overall_l1,500,4,no_bias,no_bias,0.22980710767848084
1.0,1,neural_rr_mrp,mean_overall_l1,500,5,no_bias,no_bias,0.23180985962113718
1.0,0,baseline_rr_debias,mean_overall_l1,500,6,no_bias,no_bias,0.37039068274773057
1.0,0,mrp_rr_poststrat,mean_weighted_region_l1,500,1,no_bias,no_bias,0.4123985826462507
1.0,0,mrp_misreport_rr_poststrat,mean_weighted_region_l1,500,2,no_bias,no_bias,0.422315553433321
1.0,0,raw_reported_distribution,mean_weighted_region_l1,500,3,no_bias,no_bias,0.4250377467499586
1.0,0,mrp_learned_misreport_rr_poststrat,mean_weighted_region_l1,500,4,no_bias,no_bias,0.42916258026133564
1.0,1,neural_rr_mrp,mean_weighted_region_l1,500,5,no_bias,no_bias,0.4487741309349576
1.0,0,baseline_rr_debias,mean_weighted_region_l1,500,6,no_bias,no_bias,0.7103187225310941
1.0,0,raw_reported_distribution,mean_weighted_age_l1,500,1,no_bias,no_bias,0.3099088943798947
1.0,0,mrp_rr_poststrat,mean_weighted_age_l1,500,2,no_bias,no_bias,0.31630754911601544
1.0,0,mrp_misreport_rr_poststrat,mean_weighted_age_l1,500,3,no_bias,no_bias,0.33074032147636245
1.0,0,mrp_learned_misreport_rr_poststrat,mean_weighted_age_l1,500,4,no_bias,no_bias,0.34164977623763026
1.0,1,neural_rr_mrp,mean_weighted_age_l1,500,5,no_bias,no_bias,0.34660878661110167
1.0,0,baseline_rr_debias,mean_weighted_age_l1,500,6,no_bias,no_bias,0.6931065581828102
1.0,0,raw_reported_distribution,mean_runtime_sec,500,1,no_bias,no_bias,0.0004144530003031832
1.0,0,baseline_rr_debias,mean_runtime_sec,500,2,no_bias,no_bias,0.0011098720001427864
1.0,0,mrp_rr_poststrat,mean_runtime_sec,500,3,no_bias,no_bias,0.0025435809998270997
1.0,0,mrp_misreport_rr_poststrat,mean_runtime_sec,500,4,no_bias,no_bias,0.0030621429996244842
1.0,0,mrp_learned_misreport_rr_poststrat,mean_runtime_sec,500,5,no_bias,no_bias,0.0033919480001713964
1.0,1,neural_rr_mrp,mean_runtime_sec,500,6,no_bias,no_bias,0.012167124999905354
2.0,0,baseline_rr_debias,mean_overall_l1,500,1,no_bias,no_bias,0.061058821374832914
2.0,0,raw_reported_distribution,mean_overall_l1,500,2,no_bias,no_bias,0.08560000000000002
2.0,1,neural_rr_mrp,mean_overall_l1,500,3,no_bias,no_bias,0.08931709221761562
2.0,0,mrp_rr_poststrat,mean_overall_l1,500,4,no_bias,no_bias,0.0913068912982941
2.0,0,mrp_misreport_rr_poststrat,mean_overall_l1,500,5,no_bias,no_bias,0.2058283811661479
2.0,0,mrp_learned_misreport_rr_poststrat,mean_overall_l1,500,6,no_bias,no_bias,0.22422826942567906
2.0,0,raw_reported_distribution,mean_weighted_region_l1,500,1,no_bias,no_bias,0.3366454548579627
2.0,1,neural_rr_mrp,mean_weighted_region_l1,500,2,no_bias,no_bias,0.3719551931952972
2.0,0,mrp_rr_poststrat,mean_weighted_region_l1,500,3,no_bias,no_bias,0.38377298615574834
2.0,0,mrp_misreport_rr_poststrat,mean_weighted_region_l1,500,4,no_bias,no_bias,0.4182724461865344
2.0,0,mrp_learned_misreport_rr_poststrat,mean_weighted_region_l1,500,5,no_bias,no_bias,0.4253218151418399
2.0,0,baseline_rr_debias,mean_weighted_region_l1,500,6,no_bias,no_bias,0.4519673107095237
2.0,0,raw_reported_distribution,mean_weighted_age_l1,500,1,no_bias,no_bias,0.16535917819342333
2.0,0,baseline_rr_debias,mean_weighted_age_l1,500,2,no_bias,no_bias,0.24944533788274087
2.0,1,neural_rr_mrp,mean_weighted_age_l1,500,3,no_bias,no_bias,0.2612071076797804
2.0,0,mrp_rr_poststrat,mean_weighted_age_l1,500,4,no_bias,no_bias,0.2902291415512562
2.0,0,mrp_misreport_rr_poststrat,mean_weighted_age_l1,500,5,no_bias,no_bias,0.32562123299277324
2.0,0,mrp_learned_misreport_rr_poststrat,mean_weighted_age_l1,500,6,no_bias,no_bias,0.33743673918241696
2.0,0,raw_reported_distribution,mean_runtime_sec,500,1,no_bias,no_bias,0.000449775000106456
2.0,0,baseline_rr_debias,mean_runtime_sec,500,2,no_bias,no_bias,0.0013790940001854324
2.0,0,mrp_rr_poststrat,mean_runtime_sec,500,3,no_bias,no_bias,0.0026306160002604884
2.0,0,mrp_misreport_rr_poststrat,mean_runtime_sec,500,4,no_bias,no_bias,0.002747388999978284
2.0,0,mrp_learned_misreport_rr_poststrat,mean_runtime_sec,500,5,no_bias,no_bias,0.003285717999915505
2.0,1,neural_rr_mrp,mean_runtime_sec,500,6,no_bias,no_bias,0.012695453000105772
0.2,0,mrp_rr_poststrat,mean_overall_l1,1000,1,no_bias,no_bias,0.07567722603082659
0.2,0,raw_reported_distribution,mean_overall_l1,1000,2,no_bias,no_bias,0.1656
0.2,1,neural_rr_mrp,mean_overall_l1,1000,3,no_bias,no_bias,0.19185755160442924
0.2,0,mrp_misreport_rr_poststrat,mean_overall_l1,1000,4,no_bias,no_bias,0.21364439327968668
0.2,0,mrp_learned_misreport_rr_poststrat,mean_overall_l1,1000,5,no_bias,no_bias,0.231339392982146
0.2,0,baseline_rr_debias,mean_overall_l1,1000,6,no_bias,no_bias,0.6161261442484668
0.2,0,mrp_rr_poststrat,mean_weighted_region_l1,1000,1,no_bias,no_bias,0.3814645838141441
0.2,1,neural_rr_mrp,mean_weighted_region_l1,1000,2,no_bias,no_bias,0.4143965927387426
0.2,0,mrp_misreport_rr_poststrat,mean_weighted_region_l1,1000,3,no_bias,no_bias,0.4223268278091776
0.2,0,mrp_learned_misreport_rr_poststrat,mean_weighted_region_l1,1000,4,no_bias,no_bias,0.4291007832505509
0.2,0,raw_reported_distribution,mean_weighted_region_l1,1000,5,no_bias,no_bias,0.4702321960112277
0.2,0,baseline_rr_debias,mean_weighted_region_l1,1000,6,no_bias,no_bias,1.0560193457068945
0.2,0,mrp_rr_poststrat,mean_weighted_age_l1,1000,1,no_bias,no_bias,0.2689724988758564
0.2,0,raw_reported_distribution,mean_weighted_age_l1,1000,2,no_bias,no_bias,0.3091196488237757
0.2,1,neural_rr_mrp,mean_weighted_age_l1,1000,3,no_bias,no_bias,0.3197089161094881
0.2,0,mrp_misreport_rr_poststrat,mean_weighted_age_l1,1000,4,no_bias,no_bias,0.33144753578929054
0.2,0,mrp_learned_misreport_rr_poststrat,mean_weighted_age_l1,1000,5,no_bias,no_bias,0.3421525545236922
0.2,0,baseline_rr_debias,mean_weighted_age_l1,1000,6,no_bias,no_bias,1.041378067171842
0.2,0,raw_reported_distribution,mean_runtime_sec,1000,1,no_bias,no_bias,0.0006260820000534295
0.2,0,baseline_rr_debias,mean_runtime_sec,1000,2,no_bias,no_bias,0.0010948029998871789
0.2,0,mrp_rr_poststrat,mean_runtime_sec,1000,3,no_bias,no_bias,0.0029244150000522495
0.2,0,mrp_misreport_rr_poststrat,mean_runtime_sec,1000,4,no_bias,no_bias,0.00368451600024855
0.2,0,mrp_learned_misreport_rr_poststrat,mean_runtime_sec,1000,5,no_bias,no_bias,0.00801187100023526
0.2,1,neural_rr_mrp,mean_runtime_sec,1000,6,no_bias,no_bias,0.013386226999955397
0.5,0,mrp_misreport_rr_poststrat,mean_overall_l1,1000,1,no_bias,no_bias,0.21408419693503877
0.5,0,raw_reported_distribution,mean_overall_l1,1000,2,no_bias,no_bias,0.21760000000000002
0.5,0,mrp_learned_misreport_rr_poststrat,mean_overall_l1,1000,3,no_bias,no_bias,0.231138307390619
0.5,0,mrp_rr_poststrat,mean_overall_l1,1000,4,no_bias,no_bias,0.23743550452589987
0.5,1,neural_rr_mrp,mean_overall_l1,1000,5,no_bias,no_bias,0.2847693616427074
0.5,0,baseline_rr_debias,mean_overall_l1,1000,6,no_bias,no_bias,0.5515884614595674
0.5,0,raw_reported_distribution,mean_weighted_region_l1,1000,1,no_bias,no_bias,0.42185855124739896
0.5,0,mrp_misreport_rr_poststrat,mean_weighted_region_l1,1000,2,no_bias,no_bias,0.42260652001988064
0.5,0,mrp_learned_misreport_rr_poststrat,mean_weighted_region_l1,1000,3,no_bias,no_bias,0.42908844173814803
0.5,0,mrp_rr_poststrat,mean_weighted_region_l1,1000,4,no_bias,no_bias,0.45158745684027674
0.5,1,neural_rr_mrp,mean_weighted_region_l1,1000,5,no_bias,no_bias,0.49521174798774514
0.5,0,baseline_rr_debias,mean_weighted_region_l1,1000,6,no_bias,no_bias,0.8709259827020913
0.5,0,mrp_misreport_rr_poststrat,mean_weighted_age_l1,1000,1,no_bias,no_bias,0.3317632434000975
0.5,0,mrp_learned_misreport_rr_poststrat,mean_weighted_age_l1,1000,2,no_bias,no_bias,0.3421704487704058
0.5,0,mrp_rr_poststrat,mean_weighted_age_l1,1000,3,no_bias,no_bias,0.35074442781209947
0.5,0,raw_reported_distribution,mean_weighted_age_l1,1000,4,no_bias,no_bias,0.3537305698901027
0.5,1,neural_rr_mrp,mean_weighted_age_l1,1000,5,no_bias,no_bias,0.39897453772603886
0.5,0,baseline_rr_debias,mean_weighted_age_l1,1000,6,no_bias,no_bias,0.7481072624009037
0.5,0,raw_reported_distribution,mean_runtime_sec,1000,1,no_bias,no_bias,0.0004984880001757119
0.5,0,baseline_rr_debias,mean_runtime_sec,1000,2,no_bias,no_bias,0.001157619999958115
0.5,0,mrp_rr_poststrat,mean_runtime_sec,1000,3,no_bias,no_bias,0.0025913340000442986
0.5,0,mrp_misreport_rr_poststrat,mean_runtime_sec,1000,4,no_bias,no_bias,0.0028354149999358924
0.5,0,mrp_learned_misreport_rr_poststrat,mean_runtime_sec,1000,5,no_bias,no_bias,0.003257673000007344
0.5,1,neural_rr_mrp,mean_runtime_sec,1000,6,no_bias,no_bias,0.01216746999989482
1.0,0,mrp_rr_poststrat,mean_overall_l1,1000,1,no_bias,no_bias,0.1561608529150486
1.0,0,baseline_rr_debias,mean_overall_l1,1000,2,no_bias,no_bias,0.1564918474042643
1.0,0,raw_reported_distribution,mean_overall_l1,1000,3,no_bias,no_bias,0.1696
1.0,0,mrp_misreport_rr_poststrat,mean_overall_l1,1000,4,no_bias,no_bias,0.21321209931709686
1.0,0,mrp_learned_misreport_rr_poststrat,mean_overall_l1,1000,5,no_bias,no_bias,0.2299854093120674
1.0,1,neural_rr_mrp,mean_overall_l1,1000,6,no_bias,no_bias,0.2833211111215843
1.0,0,raw_reported_distribution,mean_weighted_region_l1,1000,1,no_bias,no_bias,0.3506954921694435
1.0,0,mrp_rr_poststrat,mean_weighted_region_l1,1000,2,no_bias,no_bias,0.4057864222586155
1.0,0,mrp_misreport_rr_poststrat,mean_weighted_region_l1,1000,3,no_bias,no_bias,0.4218820673110052
1.0,0,mrp_learned_misreport_rr_poststrat,mean_weighted_region_l1,1000,4,no_bias,no_bias,0.4283614454708676
1.0,1,neural_rr_mrp,mean_weighted_region_l1,1000,5,no_bias,no_bias,0.44009049286272556
1.0,0,baseline_rr_debias,mean_weighted_region_l1,1000,6,no_bias,no_bias,0.530895687320162
1.0,0,mrp_rr_poststrat,mean_weighted_age_l1,1000,1,no_bias,no_bias,0.29487923488020895
1.0,0,raw_reported_distribution,mean_weighted_age_l1,1000,2,no_bias,no_bias,0.31083430336379325
1.0,0,mrp_misreport_rr_poststrat,mean_weighted_age_l1,1000,3,no_bias,no_bias,0.33094523206435816
1.0,0,mrp_learned_misreport_rr_poststrat,mean_weighted_age_l1,1000,4,no_bias,no_bias,0.341272539780792
1.0,1,neural_rr_mrp,mean_weighted_age_l1,1000,5,no_bias,no_bias,0.3742243300514359
1.0,0,baseline_rr_debias,mean_weighted_age_l1,1000,6,no_bias,no_bias,0.5740434176755427
1.0,0,raw_reported_distribution,mean_runtime_sec,1000,1,no_bias,no_bias,0.00037239200037220144
1.0,0,baseline_rr_debias,mean_runtime_sec,1000,2,no_bias,no_bias,0.0010545899999669928
1.0,0,mrp_rr_poststrat,mean_runtime_sec,1000,3,no_bias,no_bias,0.002404858999852877
1.0,0,mrp_misreport_rr_poststrat,mean_runtime_sec,1000,4,no_bias,no_bias,0.0029703200002586527
1.0,0,mrp_learned_misreport_rr_poststrat,mean_runtime_sec,1000,5,no_bias,no_bias,0.002982184000302368
1.0,1,neural_rr_mrp,mean_runtime_sec,1000,6,no_bias,no_bias,0.012645017000068037
2.0,0,baseline_rr_debias,mean_overall_l1,1000,1,no_bias,no_bias,0.08415623499247651
2.0,0,raw_reported_distribution,mean_overall_l1,1000,2,no_bias,no_bias,0.1236
2.0,1,neural_rr_mrp,mean_overall_l1,1000,3,no_bias,no_bias,0.14601466928378326
2.0,0,mrp_rr_poststrat,mean_overall_l1,1000,4,no_bias,no_bias,0.15097766736745835
2.0,0,mrp_misreport_rr_poststrat,mean_overall_l1,1000,5,no_bias,no_bias,0.20797887401200787
2.0,0,mrp_learned_misreport_rr_poststrat,mean_overall_l1,1000,6,no_bias,no_bias,0.22821445953882025
2.0,0,raw_reported_distribution,mean_weighted_region_l1,1000,1,no_bias,no_bias,0.23813321987044528
2.0,0,baseline_rr_debias,mean_weighted_region_l1,1000,2,no_bias,no_bias,0.2671856052706532
2.0,0,mrp_rr_poststrat,mean_weighted_region_l1,1000,3,no_bias,no_bias,0.3849934074997902
2.0,1,neural_rr_mrp,mean_weighted_region_l1,1000,4,no_bias,no_bias,0.38513734875497463
2.0,0,mrp_misreport_rr_poststrat,mean_weighted_region_l1,1000,5,no_bias,no_bias,0.41815873385778746
2.0,0,mrp_learned_misreport_rr_poststrat,mean_weighted_region_l1,1000,6,no_bias,no_bias,0.42646324395848945
2.0,0,baseline_rr_debias,mean_weighted_age_l1,1000,1,no_bias,no_bias,0.17855593105936385
2.0,0,raw_reported_distribution,mean_weighted_age_l1,1000,2,no_bias,no_bias,0.20189492100689072
2.0,1,neural_rr_mrp,mean_weighted_age_l1,1000,3,no_bias,no_bias,0.2973428230279164
2.0,0,mrp_rr_poststrat,mean_weighted_age_l1,1000,4,no_bias,no_bias,0.30212563324570657
2.0,0,mrp_misreport_rr_poststrat,mean_weighted_age_l1,1000,5,no_bias,no_bias,0.3268615037849351
2.0,0,mrp_learned_misreport_rr_poststrat,mean_weighted_age_l1,1000,6,no_bias,no_bias,0.3395687881029795
2.0,0,raw_reported_distribution,mean_runtime_sec,1000,1,no_bias,no_bias,0.0003764570001294487
2.0,0,baseline_rr_debias,mean_runtime_sec,1000,2,no_bias,no_bias,0.0011378770000192162
2.0,0,mrp_rr_poststrat,mean_runtime_sec,1000,3,no_bias,no_bias,0.002813518000039039
2.0,0,mrp_misreport_rr_poststrat,mean_runtime_sec,1000,4,no_bias,no_bias,0.003062969999973575
2.0,0,mrp_learned_misreport_rr_poststrat,mean_runtime_sec,1000,5,no_bias,no_bias,0.003317490999961592
2.0,1,neural_rr_mrp,mean_runtime_sec,1000,6,no_bias,no_bias,0.012264321000202472
0.2,0,mrp_rr_poststrat,mean_overall_l1,500,1,nonresponse,nonresponse,0.12309021492004397
0.2,0,raw_reported_distribution,mean_overall_l1,500,2,nonresponse,nonresponse,0.1318857142857143
0.2,1,neural_rr_mrp,mean_overall_l1,500,3,nonresponse,nonresponse,0.17516283777525168
0.2,0,mrp_misreport_rr_poststrat,mean_overall_l1,500,4,nonresponse,nonresponse,0.2134323548206651
0.2,0,mrp_learned_misreport_rr_poststrat,mean_overall_l1,500,5,nonresponse,nonresponse,0.23126898849775654
0.2,0,baseline_rr_debias,mean_overall_l1,500,6,nonresponse,nonresponse,0.4295766419582585
0.2,0,mrp_rr_poststrat,mean_weighted_region_l1,500,1,nonresponse,nonresponse,0.3740278460919857
0.2,1,neural_rr_mrp,mean_weighted_region_l1,500,2,nonresponse,nonresponse,0.41787162145003626
0.2,0,mrp_misreport_rr_poststrat,mean_weighted_region_l1,500,3,nonresponse,nonresponse,0.42221447746325486
0.2,0,mrp_learned_misreport_rr_poststrat,mean_weighted_region_l1,500,4,nonresponse,nonresponse,0.4289599738691697
0.2,0,raw_reported_distribution,mean_weighted_region_l1,500,5,nonresponse,nonresponse,0.4583479869465517
0.2,0,baseline_rr_debias,mean_weighted_region_l1,500,6,nonresponse,nonresponse,0.8801647455884891
0.2,0,mrp_rr_poststrat,mean_weighted_age_l1,500,1,nonresponse,nonresponse,0.29037363458573817
0.2,1,neural_rr_mrp,mean_weighted_age_l1,500,2,nonresponse,nonresponse,0.32841473554442313
0.2,0,mrp_misreport_rr_poststrat,mean_weighted_age_l1,500,3,nonresponse,nonresponse,0.33130661788384735
0.2,0,mrp_learned_misreport_rr_poststrat,mean_weighted_age_l1,500,4,nonresponse,nonresponse,0.3420712438638511
0.2,0,raw_reported_distribution,mean_weighted_age_l1,500,5,nonresponse,nonresponse,0.3716100522965167
0.2,0,baseline_rr_debias,mean_weighted_age_l1,500,6,nonresponse,nonresponse,1.1102630137804133
0.2,0,raw_reported_distribution,mean_runtime_sec,500,1,nonresponse,nonresponse,0.0003948319999835803
0.2,0,baseline_rr_debias,mean_runtime_sec,500,2,nonresponse,nonresponse,0.0011047839998354902
0.2,0,mrp_rr_poststrat,mean_runtime_sec,500,3,nonresponse,nonresponse,0.002448482999625412
0.2,0,mrp_misreport_rr_poststrat,mean_runtime_sec,500,4,nonresponse,nonresponse,0.002569887000390736
0.2,0,mrp_learned_misreport_rr_poststrat,mean_runtime_sec,500,5,nonresponse,nonresponse,0.0031943660001161334
0.2,1,neural_rr_mrp,mean_runtime_sec,500,6,nonresponse,nonresponse,0.011015994999979739
0.5,0,mrp_misreport_rr_poststrat,mean_overall_l1,500,1,nonresponse,nonresponse,0.21310638873989568
0.5,0,raw_reported_distribution,mean_overall_l1,500,2,nonresponse,nonresponse,0.21777931034482761
0.5,0,mrp_learned_misreport_rr_poststrat,mean_overall_l1,500,3,nonresponse,nonresponse,0.2313359174680607
0.5,1,neural_rr_mrp,mean_overall_l1,500,4,nonresponse,nonresponse,0.27618190237881185
0.5,0,mrp_rr_poststrat,mean_overall_l1,500,5,nonresponse,nonresponse,0.28154449901580814
0.5,0,baseline_rr_debias,mean_overall_l1,500,6,nonresponse,nonresponse,0.7864054496904809
0.5,0,mrp_misreport_rr_poststrat,mean_weighted_region_l1,500,1,nonresponse,nonresponse,0.4222343736125808
0.5,0,mrp_rr_poststrat,mean_weighted_region_l1,500,2,nonresponse,nonresponse,0.42672232381105424
0.5,0,mrp_learned_misreport_rr_poststrat,mean_weighted_region_l1,500,3,nonresponse,nonresponse,0.4291596316205558
0.5,1,neural_rr_mrp,mean_weighted_region_l1,500,4,nonresponse,nonresponse,0.4759444665757424
0.5,0,raw_reported_distribution,mean_weighted_region_l1,500,5,nonresponse,nonresponse,0.5023404645208729
0.5,0,baseline_rr_debias,mean_weighted_region_l1,500,6,nonresponse,nonresponse,0.9561671879050723
0.5,0,raw_reported_distribution,mean_weighted_age_l1,500,1,nonresponse,nonresponse,0.3134538629818754
0.5,0,mrp_misreport_rr_poststrat,mean_weighted_age_l1,500,2,nonresponse,nonresponse,0.3311603325020838
0.5,0,mrp_rr_poststrat,mean_weighted_age_l1,500,3,nonresponse,nonresponse,0.34186006389260293
0.5,0,mrp_learned_misreport_rr_poststrat,mean_weighted_age_l1,500,4,nonresponse,nonresponse,0.3421368859876008
0.5,1,neural_rr_mrp,mean_weighted_age_l1,500,5,nonresponse,nonresponse,0.36253330011735424
0.5,0,baseline_rr_debias,mean_weighted_age_l1,500,6,nonresponse,nonresponse,0.9215395975488804
0.5,0,raw_reported_distribution,mean_runtime_sec,500,1,nonresponse,nonresponse,0.00029847600035282085
0.5,0,baseline_rr_debias,mean_runtime_sec,500,2,nonresponse,nonresponse,0.001006593000056455
0.5,0,mrp_rr_poststrat,mean_runtime_sec,500,3,nonresponse,nonresponse,0.002274229000249761
0.5,0,mrp_misreport_rr_poststrat,mean_runtime_sec,500,4,nonresponse,nonresponse,0.002497134000350343
0.5,0,mrp_learned_misreport_rr_poststrat,mean_runtime_sec,500,5,nonresponse,nonresponse,0.003029346999937843
0.5,1,neural_rr_mrp,mean_runtime_sec,500,6,nonresponse,nonresponse,0.013122103000114294
1.0,0,raw_reported_distribution,mean_overall_l1,500,1,nonresponse,nonresponse,0.13041379310344825
1.0,1,neural_rr_mrp,mean_overall_l1,500,2,nonresponse,nonresponse,0.15428758081268304
1.0,0,mrp_rr_poststrat,mean_overall_l1,500,3,nonresponse,nonresponse,0.1732794750750065
1.0,0,mrp_misreport_rr_poststrat,mean_overall_l1,500,4,nonresponse,nonresponse,0.210425847263285
1.0,0,mrp_learned_misreport_rr_poststrat,mean_overall_l1,500,5,nonresponse,nonresponse,0.2297797652700629
1.0,0,baseline_rr_debias,mean_overall_l1,500,6,nonresponse,nonresponse,0.27670599641967486
1.0,0,raw_reported_distribution,mean_weighted_region_l1,500,1,nonresponse,nonresponse,0.3757144959642207
1.0,0,mrp_rr_poststrat,mean_weighted_region_l1,500,2,nonresponse,nonresponse,0.39713635356426236
1.0,1,neural_rr_mrp,mean_weighted_region_l1,500,3,nonresponse,nonresponse,0.40240306129451175
1.0,0,mrp_misreport_rr_poststrat,mean_weighted_region_l1,500,4,nonresponse,nonresponse,0.42109761615022095
1.0,0,mrp_learned_misreport_rr_poststrat,mean_weighted_region_l1,500,5,nonresponse,nonresponse,0.42840647771591434
1.0,0,baseline_rr_debias,mean_weighted_region_l1,500,6,nonresponse,nonresponse,0.7704817022612521
1.0,0,raw_reported_distribution,mean_weighted_age_l1,500,1,nonresponse,nonresponse,0.2864567897819415
1.0,0,mrp_rr_poststrat,mean_weighted_age_l1,500,2,nonresponse,nonresponse,0.2973817298710346
1.0,1,neural_rr_mrp,mean_weighted_age_l1,500,3,nonresponse,nonresponse,0.3102704445536017
1.0,0,mrp_misreport_rr_poststrat,mean_weighted_age_l1,500,4,nonresponse,nonresponse,0.3295712124951448
1.0,0,mrp_learned_misreport_rr_poststrat,mean_weighted_age_l1,500,5,nonresponse,nonresponse,0.34096881618308267
1.0,0,baseline_rr_debias,mean_weighted_age_l1,500,6,nonresponse,nonresponse,0.5859550516112628
1.0,0,raw_reported_distribution,mean_runtime_sec,500,1,nonresponse,nonresponse,0.0003228579998904024
1.0,0,baseline_rr_debias,mean_runtime_sec,500,2,nonresponse,nonresponse,0.0010468269997545576
1.0,0,mrp_misreport_rr_poststrat,mean_runtime_sec,500,3,nonresponse,nonresponse,0.0024555320001127257
1.0,0,mrp_rr_poststrat,mean_runtime_sec,500,4,nonresponse,nonresponse,0.0026319120001971896
1.0,0,mrp_learned_misreport_rr_poststrat,mean_runtime_sec,500,5,nonresponse,nonresponse,0.0030989929996394494
1.0,1,neural_rr_mrp,mean_runtime_sec,500,6,nonresponse,nonresponse,0.012077451000095607
2.0,0,mrp_rr_poststrat,mean_overall_l1,500,1,nonresponse,nonresponse,0.08541956439316274
2.0,0,raw_reported_distribution,mean_overall_l1,500,2,nonresponse,nonresponse,0.08697733990147787
2.0,1,neural_rr_mrp,mean_overall_l1,500,3,nonresponse,nonresponse,0.11572205828872832
2.0,0,baseline_rr_debias,mean_overall_l1,500,4,nonresponse,nonresponse,0.12399930183230158
2.0,0,mrp_misreport_rr_poststrat,mean_overall_l1,500,5,nonresponse,nonresponse,0.20198897880174138
2.0,0,mrp_learned_misreport_rr_poststrat,mean_overall_l1,500,6,nonresponse,nonresponse,0.2222819064191882
2.0,0,raw_reported_distribution,mean_weighted_region_l1,500,1,nonresponse,nonresponse,0.32749130262458437
2.0,1,neural_rr_mrp,mean_weighted_region_l1,500,2,nonresponse,nonresponse,0.38043737483410067
2.0,0,mrp_rr_poststrat,mean_weighted_region_l1,500,3,nonresponse,nonresponse,0.3849156380146742
2.0,0,mrp_misreport_rr_poststrat,mean_weighted_region_l1,500,4,nonresponse,nonresponse,0.41788739400300945
2.0,0,mrp_learned_misreport_rr_poststrat,mean_weighted_region_l1,500,5,nonresponse,nonresponse,0.42560515661403475
2.0,0,baseline_rr_debias,mean_weighted_region_l1,500,6,nonresponse,nonresponse,0.4318149311923675
2.0,0,raw_reported_distribution,mean_weighted_age_l1,500,1,nonresponse,nonresponse,0.23315550911145955
2.0,1,neural_rr_mrp,mean_weighted_age_l1,500,2,nonresponse,nonresponse,0.26525925737109224
2.0,0,mrp_rr_poststrat,mean_weighted_age_l1,500,3,nonresponse,nonresponse,0.2780899138480425
2.0,0,mrp_misreport_rr_poststrat,mean_weighted_age_l1,500,4,nonresponse,nonresponse,0.3246345273783993
2.0,0,mrp_learned_misreport_rr_poststrat,mean_weighted_age_l1,500,5,nonresponse,nonresponse,0.33715041030820536
2.0,0,baseline_rr_debias,mean_weighted_age_l1,500,6,nonresponse,nonresponse,0.3749179468434795
2.0,0,raw_reported_distribution,mean_runtime_sec,500,1,nonresponse,nonresponse,0.0003943370002161828
2.0,0,baseline_rr_debias,mean_runtime_sec,500,2,nonresponse,nonresponse,0.001187631999982841
2.0,0,mrp_rr_poststrat,mean_runtime_sec,500,3,nonresponse,nonresponse,0.0026138000002902118
2.0,0,mrp_misreport_rr_poststrat,mean_runtime_sec,500,4,nonresponse,nonresponse,0.0027344759996594803
2.0,0,mrp_learned_misreport_rr_poststrat,mean_runtime_sec,500,5,nonresponse,nonresponse,0.0033606890001465217
2.0,1,neural_rr_mrp,mean_runtime_sec,500,6,nonresponse,nonresponse,0.013524760999644059
0.2,0,mrp_rr_poststrat,mean_overall_l1,1000,1,nonresponse,nonresponse,0.1311588279426098
0.2,1,neural_rr_mrp,mean_overall_l1,1000,2,nonresponse,nonresponse,0.15834288602601398
0.2,0,raw_reported_distribution,mean_overall_l1,1000,3,nonresponse,nonresponse,0.17872412177985955
0.2,0,mrp_misreport_rr_poststrat,mean_overall_l1,1000,4,nonresponse,nonresponse,0.2137289313393659
0.2,0,mrp_learned_misreport_rr_poststrat,mean_overall_l1,1000,5,nonresponse,nonresponse,0.23138073716425275
0.2,0,baseline_rr_debias,mean_overall_l1,1000,6,nonresponse,nonresponse,1.124002992625111
0.2,0,mrp_rr_poststrat,mean_weighted_region_l1,1000,1,nonresponse,nonresponse,0.382856766307354
0.2,0,raw_reported_distribution,mean_weighted_region_l1,1000,2,nonresponse,nonresponse,0.40102555120823835
0.2,1,neural_rr_mrp,mean_weighted_region_l1,1000,3,nonresponse,nonresponse,0.40446066773149464
0.2,0,mrp_misreport_rr_poststrat,mean_weighted_region_l1,1000,4,nonresponse,nonresponse,0.4222670595927582
0.2,0,mrp_learned_misreport_rr_poststrat,mean_weighted_region_l1,1000,5,nonresponse,nonresponse,0.42904405346184393
0.2,0,baseline_rr_debias,mean_weighted_region_l1,1000,6,nonresponse,nonresponse,0.8879732540181011
0.2,0,raw_reported_distribution,mean_weighted_age_l1,1000,1,nonresponse,nonresponse,0.2801208899583155
0.2,0,mrp_rr_poststrat,mean_weighted_age_l1,1000,2,nonresponse,nonresponse,0.29278670663833617
0.2,1,neural_rr_mrp,mean_weighted_age_l1,1000,3,nonresponse,nonresponse,0.30111359137254023
0.2,0,mrp_misreport_rr_poststrat,mean_weighted_age_l1,1000,4,nonresponse,nonresponse,0.3314352441349452
0.2,0,mrp_learned_misreport_rr_poststrat,mean_weighted_age_l1,1000,5,nonresponse,nonresponse,0.3421173426664945
0.2,0,baseline_rr_debias,mean_weighted_age_l1,1000,6,nonresponse,nonresponse,0.8971907939910946
0.2,0,raw_reported_distribution,mean_runtime_sec,1000,1,nonresponse,nonresponse,0.00039393999986714334
0.2,0,baseline_rr_debias,mean_runtime_sec,1000,2,nonresponse,nonresponse,0.0011359610002728004
0.2,0,mrp_rr_poststrat,mean_runtime_sec,1000,3,nonresponse,nonresponse,0.0025798540000323555
0.2,0,mrp_misreport_rr_poststrat,mean_runtime_sec,1000,4,nonresponse,nonresponse,0.003265714000008302
0.2,0,mrp_learned_misreport_rr_poststrat,mean_runtime_sec,1000,5,nonresponse,nonresponse,0.0041118640001513995
0.2,1,neural_rr_mrp,mean_runtime_sec,1000,6,nonresponse,nonresponse,0.014059288000225934
0.5,0,mrp_misreport_rr_poststrat,mean_overall_l1,1000,1,nonresponse,nonresponse,0.21461549641289238
0.5,0,mrp_learned_misreport_rr_poststrat,mean_overall_l1,1000,2,nonresponse,nonresponse,0.2322638966124155
0.5,1,neural_rr_mrp,mean_overall_l1,1000,3,nonresponse,nonresponse,0.254908148046451
0.5,0,raw_reported_distribution,mean_overall_l1,1000,4,nonresponse,nonresponse,0.26303325526932086
0.5,0,mrp_rr_poststrat,mean_overall_l1,1000,5,nonresponse,nonresponse,0.33850010240376
0.5,0,baseline_rr_debias,mean_overall_l1,1000,6,nonresponse,nonresponse,0.6132087260095306
0.5,0,mrp_misreport_rr_poststrat,mean_weighted_region_l1,1000,1,nonresponse,nonresponse,0.4228048335701319
0.5,0,mrp_learned_misreport_rr_poststrat,mean_weighted_region_l1,1000,2,nonresponse,nonresponse,0.4295407863909791
0.5,1,neural_rr_mrp,mean_weighted_region_l1,1000,3,nonresponse,nonresponse,0.4409645504427527
0.5,0,raw_reported_distribution,mean_weighted_region_l1,1000,4,nonresponse,nonresponse,0.47169701864987396
0.5,0,mrp_rr_poststrat,mean_weighted_region_l1,1000,5,nonresponse,nonresponse,0.5006630819171667
0.5,0,baseline_rr_debias,mean_weighted_region_l1,1000,6,nonresponse,nonresponse,0.9428059083060978
0.5,0,mrp_misreport_rr_poststrat,mean_weighted_age_l1,1000,1,nonresponse,nonresponse,0.33197250467642425
0.5,1,neural_rr_mrp,mean_weighted_age_l1,1000,2,nonresponse,nonresponse,0.3414397645378397
0.5,0,mrp_learned_misreport_rr_poststrat,mean_weighted_age_l1,1000,3,nonresponse,nonresponse,0.3427548680320425
0.5,0,raw_reported_distribution,mean_weighted_age_l1,1000,4,nonresponse,nonresponse,0.3617368341133509
0.5,0,mrp_rr_poststrat,mean_weighted_age_l1,1000,5,nonresponse,nonresponse,0.4082740222722292
0.5,0,baseline_rr_debias,mean_weighted_age_l1,1000,6,nonresponse,nonresponse,0.8794244355002083
0.5,0,raw_reported_distribution,mean_runtime_sec,1000,1,nonresponse,nonresponse,0.0005430320002233202
0.5,0,baseline_rr_debias,mean_runtime_sec,1000,2,nonresponse,nonresponse,0.0016162110000550456
0.5,0,mrp_rr_poststrat,mean_runtime_sec,1000,3,nonresponse,nonresponse,0.003533641000103671
0.5,0,mrp_misreport_rr_poststrat,mean_runtime_sec,1000,4,nonresponse,nonresponse,0.0038260970000010275
0.5,0,mrp_learned_misreport_rr_poststrat,mean_runtime_sec,1000,5,nonresponse,nonresponse,0.004952824000156397
0.5,1,neural_rr_mrp,mean_runtime_sec,1000,6,nonresponse,nonresponse,0.014487802000076044
1.0,0,mrp_rr_poststrat,mean_overall_l1,1000,1,nonresponse,nonresponse,0.10821766724288466
1.0,0,raw_reported_distribution,mean_overall_l1,1000,2,nonresponse,nonresponse,0.12661826697892276
1.0,1,neural_rr_mrp,mean_overall_l1,1000,3,nonresponse,nonresponse,0.20403270450729175
1.0,0,mrp_misreport_rr_poststrat,mean_overall_l1,1000,4,nonresponse,nonresponse,0.21165714368803162
1.0,0,mrp_learned_misreport_rr_poststrat,mean_overall_l1,1000,5,nonresponse,nonresponse,0.2299219651474576
1.0,0,baseline_rr_debias,mean_overall_l1,1000,6,nonresponse,nonresponse,0.2903334441321631
1.0,0,raw_reported_distribution,mean_weighted_region_l1,1000,1,nonresponse,nonresponse,0.3256044740103614
1.0,0,mrp_rr_poststrat,mean_weighted_region_l1,1000,2,nonresponse,nonresponse,0.38887520381510254
1.0,1,neural_rr_mrp,mean_weighted_region_l1,1000,3,nonresponse,nonresponse,0.4077186978524668
1.0,0,mrp_misreport_rr_poststrat,mean_weighted_region_l1,1000,4,nonresponse,nonresponse,0.4212244215170155
1.0,0,mrp_learned_misreport_rr_poststrat,mean_weighted_region_l1,1000,5,nonresponse,nonresponse,0.42810064236362433
1.0,0,baseline_rr_debias,mean_weighted_region_l1,1000,6,nonresponse,nonresponse,0.5590964736280057
1.0,0,mrp_rr_poststrat,mean_weighted_age_l1,1000,1,nonresponse,nonresponse,0.28630423065125943
1.0,0,mrp_misreport_rr_poststrat,mean_weighted_age_l1,1000,2,nonresponse,nonresponse,0.3299267859866396
1.0,1,neural_rr_mrp,mean_weighted_age_l1,1000,3,nonresponse,nonresponse,0.33339877188029293
1.0,0,mrp_learned_misreport_rr_poststrat,mean_weighted_age_l1,1000,4,nonresponse,nonresponse,0.3411723783192848
1.0,0,raw_reported_distribution,mean_weighted_age_l1,1000,5,nonresponse,nonresponse,0.34344301798807053
1.0,0,baseline_rr_debias,mean_weighted_age_l1,1000,6,nonresponse,nonresponse,0.6583077570817061
1.0,0,raw_reported_distribution,mean_runtime_sec,1000,1,nonresponse,nonresponse,0.00033273899998675915
1.0,0,baseline_rr_debias,mean_runtime_sec,1000,2,nonresponse,nonresponse,0.0012115099998482037
1.0,0,mrp_rr_poststrat,mean_runtime_sec,1000,3,nonresponse,nonresponse,0.0030325379998430435
1.0,0,mrp_misreport_rr_poststrat,mean_runtime_sec,1000,4,nonresponse,nonresponse,0.0032274740001412283
1.0,0,mrp_learned_misreport_rr_poststrat,mean_runtime_sec,1000,5,nonresponse,nonresponse,0.0036220560000401747
1.0,1,neural_rr_mrp,mean_runtime_sec,1000,6,nonresponse,nonresponse,0.0144387390000702
2.0,0,mrp_rr_poststrat,mean_overall_l1,1000,1,nonresponse,nonresponse,0.07573295156359676
2.0,0,baseline_rr_debias,mean_overall_l1,1000,2,nonresponse,nonresponse,0.07712307528809374
2.0,0,raw_reported_distribution,mean_overall_l1,1000,3,nonresponse,nonresponse,0.10052177985948478
2.0,1,neural_rr_mrp,mean_overall_l1,1000,4,nonresponse,nonresponse,0.12422327031087331
2.0,0,mrp_misreport_rr_poststrat,mean_overall_l1,1000,5,nonresponse,nonresponse,0.20676889395624232
2.0,0,mrp_learned_misreport_rr_poststrat,mean_overall_l1,1000,6,nonresponse,nonresponse,0.2252914882663391
2.0,0,raw_reported_distribution,mean_weighted_region_l1,1000,1,nonresponse,nonresponse,0.23694401508956284
2.0,0,baseline_rr_debias,mean_weighted_region_l1,1000,2,nonresponse,nonresponse,0.26155221472192997
2.0,0,mrp_rr_poststrat,mean_weighted_region_l1,1000,3,nonresponse,nonresponse,0.3683941508233547
2.0,1,neural_rr_mrp,mean_weighted_region_l1,1000,4,nonresponse,nonresponse,0.3725204194963942
2.0,0,mrp_misreport_rr_poststrat,mean_weighted_region_l1,1000,5,nonresponse,nonresponse,0.4190971018359397
2.0,0,mrp_learned_misreport_rr_poststrat,mean_weighted_region_l1,1000,6,nonresponse,nonresponse,0.42616683803445726
2.0,0,raw_reported_distribution,mean_weighted_age_l1,1000,1,nonresponse,nonresponse,0.19545520977151368
2.0,0,baseline_rr_debias,mean_weighted_age_l1,1000,2,nonresponse,nonresponse,0.20138187826812434
2.0,0,mrp_rr_poststrat,mean_weighted_age_l1,1000,3,nonresponse,nonresponse,0.26398032774329183
2.0,1,neural_rr_mrp,mean_weighted_age_l1,1000,4,nonresponse,nonresponse,0.26605385582777047
2.0,0,mrp_misreport_rr_poststrat,mean_weighted_age_l1,1000,5,nonresponse,nonresponse,0.3274124832733585
2.0,0,mrp_learned_misreport_rr_poststrat,mean_weighted_age_l1,1000,6,nonresponse,nonresponse,0.3387753829087618
2.0,0,raw_reported_distribution,mean_runtime_sec,1000,1,nonresponse,nonresponse,0.00034122400029446
2.0,0,baseline_rr_debias,mean_runtime_sec,1000,2,nonresponse,nonresponse,0.0010959710002680367
2.0,0,mrp_rr_poststrat,mean_runtime_sec,1000,3,nonresponse,nonresponse,0.002431670999612834
2.0,0,mrp_misreport_rr_poststrat,mean_runtime_sec,1000,4,nonresponse,nonresponse,0.0029693290002796857
2.0,0,mrp_learned_misreport_rr_poststrat,mean_runtime_sec,1000,5,nonresponse,nonresponse,0.0034438120001141215
2.0,1,neural_rr_mrp,mean_runtime_sec,1000,6,nonresponse,nonresponse,0.014042503999917244
0.2,0,mrp_rr_poststrat,mean_overall_l1,500,1,shy_fixed,shy_voter,0.18341325514614581
0.2,0,raw_reported_distribution,mean_overall_l1,500,2,shy_fixed,shy_voter,0.20959999999999998
0.2,0,mrp_misreport_rr_poststrat,mean_overall_l1,500,3,shy_fixed,shy_voter,0.21388802967290424
0.2,0,mrp_learned_misreport_rr_poststrat,mean_overall_l1,500,4,shy_fixed,shy_voter,0.23168522363848448
0.2,1,neural_rr_mrp,mean_overall_l1,500,5,shy_fixed,shy_voter,0.395797614934521
0.2,0,baseline_rr_debias,mean_overall_l1,500,6,shy_fixed,shy_voter,0.8073754132220187
0.2,0,mrp_rr_poststrat,mean_weighted_region_l1,500,1,shy_fixed,shy_voter,0.41043743924796583
0.2,0,mrp_misreport_rr_poststrat,mean_weighted_region_l1,500,2,shy_fixed,shy_voter,0.4224822912960879
0.2,0,mrp_learned_misreport_rr_poststrat,mean_weighted_region_l1,500,3,shy_fixed,shy_voter,0.4292241141069402
0.2,0,raw_reported_distribution,mean_weighted_region_l1,500,4,shy_fixed,shy_voter,0.4855917064485844
0.2,1,neural_rr_mrp,mean_weighted_region_l1,500,5,shy_fixed,shy_voter,0.5073388602902287
0.2,0,baseline_rr_debias,mean_weighted_region_l1,500,6,shy_fixed,shy_voter,1.173980993342386
0.2,0,raw_reported_distribution,mean_weighted_age_l1,500,1,shy_fixed,shy_voter,0.31892391002047377
0.2,0,mrp_rr_poststrat,mean_weighted_age_l1,500,2,shy_fixed,shy_voter,0.32543134849369526
0.2,0,mrp_misreport_rr_poststrat,mean_weighted_age_l1,500,3,shy_fixed,shy_voter,0.3315987641287909
0.2,0,mrp_learned_misreport_rr_poststrat,mean_weighted_age_l1,500,4,shy_fixed,shy_voter,0.34231550070362143
0.2,1,neural_rr_mrp,mean_weighted_age_l1,500,5,shy_fixed,shy_voter,0.43467183495490164
0.2,0,baseline_rr_debias,mean_weighted_age_l1,500,6,shy_fixed,shy_voter,1.0496072588258136
0.2,0,raw_reported_distribution,mean_runtime_sec,500,1,shy_fixed,shy_voter,0.0003360850000717619
0.2,0,baseline_rr_debias,mean_runtime_sec,500,2,shy_fixed,shy_voter,0.0010233600000901788
0.2,0,mrp_rr_poststrat,mean_runtime_sec,500,3,shy_fixed,shy_voter,0.0024433600001430023
0.2,0,mrp_learned_misreport_rr_poststrat,mean_runtime_sec,500,4,shy_fixed,shy_voter,0.0031000130002212245
0.2,1,neural_rr_mrp,mean_runtime_sec,500,5,shy_fixed,shy_voter,0.011320053999952506
0.2,0,mrp_misreport_rr_poststrat,mean_runtime_sec,500,6,shy_fixed,shy_voter,0.5687514930000361
0.5,0,raw_reported_distribution,mean_overall_l1,500,1,shy_fixed,shy_voter,0.19760000000000003
0.5,0,mrp_misreport_rr_poststrat,mean_overall_l1,500,2,shy_fixed,shy_voter,0.21349419980055434
0.5,1,neural_rr_mrp,mean_overall_l1,500,3,shy_fixed,shy_voter,0.21800616409795617
0.5,0,mrp_rr_poststrat,mean_overall_l1,500,4,shy_fixed,shy_voter,0.23040008955895908
0.5,0,mrp_learned_misreport_rr_poststrat,mean_overall_l1,500,5,shy_fixed,shy_voter,0.23135969726230698
0.5,0,baseline_rr_debias,mean_overall_l1,500,6,shy_fixed,shy_voter,0.4058988165073597
0.5,0,mrp_rr_poststrat,mean_weighted_region_l1,500,1,shy_fixed,shy_voter,0.41589071259796623
0.5,0,mrp_misreport_rr_poststrat,mean_weighted_region_l1,500,2,shy_fixed,shy_voter,0.42241828301561946
0.5,0,mrp_learned_misreport_rr_poststrat,mean_weighted_region_l1,500,3,shy_fixed,shy_voter,0.4290109538201113
0.5,0,raw_reported_distribution,mean_weighted_region_l1,500,4,shy_fixed,shy_voter,0.4337594221394579
0.5,1,neural_rr_mrp,mean_weighted_region_l1,500,5,shy_fixed,shy_voter,0.4405537736324454
0.5,0,baseline_rr_debias,mean_weighted_region_l1,500,6,shy_fixed,shy_voter,0.9302352751148173
0.5,0,raw_reported_distribution,mean_weighted_age_l1,500,1,shy_fixed,shy_voter,0.28920310404993954
0.5,0,mrp_rr_poststrat,mean_weighted_age_l1,500,2,shy_fixed,shy_voter,0.318548138025403
0.5,1,neural_rr_mrp,mean_weighted_age_l1,500,3,shy_fixed,shy_voter,0.3284706421584449
0.5,0,mrp_misreport_rr_poststrat,mean_weighted_age_l1,500,4,shy_fixed,shy_voter,0.33146304074518346
0.5,0,mrp_learned_misreport_rr_poststrat,mean_weighted_age_l1,500,5,shy_fixed,shy_voter,0.34204474623009495
0.5,0,baseline_rr_debias,mean_weighted_age_l1,500,6,shy_fixed,shy_voter,0.9999026275154315
0.5,0,raw_reported_distribution,mean_runtime_sec,500,1,shy_fixed,shy_voter,0.00031533099991065683
0.5,0,baseline_rr_debias,mean_runtime_sec,500,2,shy_fixed,shy_voter,0.0010621930000525026
0.5,0,mrp_rr_poststrat,mean_runtime_sec,500,3,shy_fixed,shy_voter,0.002329814999939117
0.5,0,mrp_learned_misreport_rr_poststrat,mean_runtime_sec,500,4,shy_fixed,shy_voter,0.004988467000202945
0.5,1,neural_rr_mrp,mean_runtime_sec,500,5,shy_fixed,shy_voter,0.015689628000018274
0.5,0,mrp_misreport_rr_poststrat,mean_runtime_sec,500,6,shy_fixed,shy_voter,2.0764563460002137
1.0,0,mrp_rr_poststrat,mean_overall_l1,500,1,shy_fixed,shy_voter,0.08535496639609343
1.0,1,neural_rr_mrp,mean_overall_l1,500,2,shy_fixed,shy_voter,0.09097774136189389
1.0,0,raw_reported_distribution,mean_overall_l1,500,3,shy_fixed,shy_voter,0.14160000000000006
1.0,0,baseline_rr_debias,mean_overall_l1,500,4,shy_fixed,shy_voter,0.14607440964863844
1.0,0,mrp_misreport_rr_poststrat,mean_overall_l1,500,5,shy_fixed,shy_voter,0.2130959085720113
1.0,0,mrp_learned_misreport_rr_poststrat,mean_overall_l1,500,6,shy_fixed,shy_voter,0.2291883236015496
1.0,0,raw_reported_distribution,mean_weighted_region_l1,500,1,shy_fixed,shy_voter,0.35994406869925477
1.0,0,mrp_rr_poststrat,mean_weighted_region_l1,500,2,shy_fixed,shy_voter,0.36338729364275935
1.0,1,neural_rr_mrp,mean_weighted_region_l1,500,3,shy_fixed,shy_voter,0.375915276687402
1.0,0,mrp_misreport_rr_poststrat,mean_weighted_region_l1,500,4,shy_fixed,shy_voter,0.42204545682824396
1.0,0,mrp_learned_misreport_rr_poststrat,mean_weighted_region_l1,500,5,shy_fixed,shy_voter,0.428078200925462
1.0,0,baseline_rr_debias,mean_weighted_region_l1,500,6,shy_fixed,shy_voter,0.6098253520510488
1.0,0,mrp_rr_poststrat,mean_weighted_age_l1,500,1,shy_fixed,shy_voter,0.2642471414923668
1.0,1,neural_rr_mrp,mean_weighted_age_l1,500,2,shy_fixed,shy_voter,0.2855276132363154
1.0,0,raw_reported_distribution,mean_weighted_age_l1,500,3,shy_fixed,shy_voter,0.3290889254894812
1.0,0,mrp_misreport_rr_poststrat,mean_weighted_age_l1,500,4,shy_fixed,shy_voter,0.33105350109653264
1.0,0,mrp_learned_misreport_rr_poststrat,mean_weighted_age_l1,500,5,shy_fixed,shy_voter,0.3410175586104672
1.0,0,baseline_rr_debias,mean_weighted_age_l1,500,6,shy_fixed,shy_voter,0.6866306144785789
1.0,0,raw_reported_distribution,mean_runtime_sec,500,1,shy_fixed,shy_voter,0.0003434370000832132
1.0,0,baseline_rr_debias,mean_runtime_sec,500,2,shy_fixed,shy_voter,0.0010762490001070546
1.0,0,mrp_learned_misreport_rr_poststrat,mean_runtime_sec,500,3,shy_fixed,shy_voter,0.0036634339999181975
1.0,1,neural_rr_mrp,mean_runtime_sec,500,4,shy_fixed,shy_voter,0.015688024999690242
1.0,0,mrp_rr_poststrat,mean_runtime_sec,500,5,shy_fixed,shy_voter,0.06671916699997382
1.0,0,mrp_misreport_rr_poststrat,mean_runtime_sec,500,6,shy_fixed,shy_voter,2.5009954020001715
2.0,0,raw_reported_distribution,mean_overall_l1,500,1,shy_fixed,shy_voter,0.057600000000000026
2.0,1,neural_rr_mrp,mean_overall_l1,500,2,shy_fixed,shy_voter,0.07964426615933982
2.0,0,mrp_rr_poststrat,mean_overall_l1,500,3,shy_fixed,shy_voter,0.09824879067242147
2.0,0,baseline_rr_debias,mean_overall_l1,500,4,shy_fixed,shy_voter,0.18169975987962553
2.0,0,mrp_misreport_rr_poststrat,mean_overall_l1,500,5,shy_fixed,shy_voter,0.2023281503515734
2.0,0,mrp_learned_misreport_rr_poststrat,mean_overall_l1,500,6,shy_fixed,shy_voter,0.2204827988123843
2.0,0,raw_reported_distribution,mean_weighted_region_l1,500,1,shy_fixed,shy_voter,0.33482719327873006
2.0,1,neural_rr_mrp,mean_weighted_region_l1,500,2,shy_fixed,shy_voter,0.3712678462202898
2.0,0,mrp_rr_poststrat,mean_weighted_region_l1,500,3,shy_fixed,shy_voter,0.37878087347447875
2.0,0,mrp_misreport_rr_poststrat,mean_weighted_region_l1,500,4,shy_fixed,shy_voter,0.41725286332960787
2.0,0,mrp_learned_misreport_rr_poststrat,mean_weighted_region_l1,500,5,shy_fixed,shy_voter,0.4244423044228497
2.0,0,baseline_rr_debias,mean_weighted_region_l1,500,6,shy_fixed,shy_voter,0.43672647345971055
2.0,0,raw_reported_distribution,mean_weighted_age_l1,500,1,shy_fixed,shy_voter,0.15456212739924072
2.0,1,neural_rr_mrp,mean_weighted_age_l1,500,2,shy_fixed,shy_voter,0.2581396711490343
2.0,0,baseline_rr_debias,mean_weighted_age_l1,500,3,shy_fixed,shy_voter,0.27324248984164473
2.0,0,mrp_rr_poststrat,mean_weighted_age_l1,500,4,shy_fixed,shy_voter,0.2739009299784899
2.0,0,mrp_misreport_rr_poststrat,mean_weighted_age_l1,500,5,shy_fixed,shy_voter,0.3246932207995105
2.0,0,mrp_learned_misreport_rr_poststrat,mean_weighted_age_l1,500,6,shy_fixed,shy_voter,0.33621573458307713
2.0,0,raw_reported_distribution,mean_runtime_sec,500,1,shy_fixed,shy_voter,0.00033693500017761835
2.0,0,baseline_rr_debias,mean_runtime_sec,500,2,shy_fixed,shy_voter,0.0010319519997210591
2.0,0,mrp_rr_poststrat,mean_runtime_sec,500,3,shy_fixed,shy_voter,0.002432990999750473
2.0,0,mrp_learned_misreport_rr_poststrat,mean_runtime_sec,500,4,shy_fixed,shy_voter,0.0032801140000628948
2.0,1,neural_rr_mrp,mean_runtime_sec,500,5,shy_fixed,shy_voter,0.0118338379998022
2.0,0,mrp_misreport_rr_poststrat,mean_runtime_sec,500,6,shy_fixed,shy_voter,1.1073091560001558
0.2,1,neural_rr_mrp,mean_overall_l1,1000,1,shy_fixed,shy_voter,0.2052259619784981
0.2,0,raw_reported_distribution,mean_overall_l1,1000,2,shy_fixed,shy_voter,0.20560000000000006
0.2,0,mrp_misreport_rr_poststrat,mean_overall_l1,1000,3,shy_fixed,shy_voter,0.2137631367951935
0.2,0,mrp_learned_misreport_rr_poststrat,mean_overall_l1,1000,4,shy_fixed,shy_voter,0.23138495242379473
0.2,0,mrp_rr_poststrat,mean_overall_l1,1000,5,shy_fixed,shy_voter,0.2733154449284077
0.2,0,baseline_rr_debias,mean_overall_l1,1000,6,shy_fixed,shy_voter,0.8004000000000001
0.2,0,raw_reported_distribution,mean_weighted_region_l1,1000,1,shy_fixed,shy_voter,0.4108363792388737
0.2,0,mrp_misreport_rr_poststrat,mean_weighted_region_l1,1000,2,shy_fixed,shy_voter,0.42235351745472827
0.2,0,mrp_learned_misreport_rr_poststrat,mean_weighted_region_l1,1000,3,shy_fixed,shy_voter,0.42906228206335134
0.2,0,mrp_rr_poststrat,mean_weighted_region_l1,1000,4,shy_fixed,shy_voter,0.43071098138689995
0.2,1,neural_rr_mrp,mean_weighted_region_l1,1000,5,shy_fixed,shy_voter,0.44244139228234025
0.2,0,baseline_rr_debias,mean_weighted_region_l1,1000,6,shy_fixed,shy_voter,1.0771854729671881
0.2,0,raw_reported_distribution,mean_weighted_age_l1,1000,1,shy_fixed,shy_voter,0.31752748171463274
0.2,0,mrp_misreport_rr_poststrat,mean_weighted_age_l1,1000,2,shy_fixed,shy_voter,0.33156092984988583
0.2,1,neural_rr_mrp,mean_weighted_age_l1,1000,3,shy_fixed,shy_voter,0.34211081340297195
0.2,0,mrp_learned_misreport_rr_poststrat,mean_weighted_age_l1,1000,4,shy_fixed,shy_voter,0.3421746912387521
0.2,0,mrp_rr_poststrat,mean_weighted_age_l1,1000,5,shy_fixed,shy_voter,0.34651833658218384
0.2,0,baseline_rr_debias,mean_weighted_age_l1,1000,6,shy_fixed,shy_voter,1.2509068894582676
0.2,0,raw_reported_distribution,mean_runtime_sec,1000,1,shy_fixed,shy_voter,0.00044112899968240527
0.2,0,baseline_rr_debias,mean_runtime_sec,1000,2,shy_fixed,shy_voter,0.0013170920001357445
0.2,0,mrp_rr_poststrat,mean_runtime_sec,1000,3,shy_fixed,shy_voter,0.0025910980002663564
0.2,0,mrp_learned_misreport_rr_poststrat,mean_runtime_sec,1000,4,shy_fixed,shy_voter,0.003389796000192291
0.2,1,neural_rr_mrp,mean_runtime_sec,1000,5,shy_fixed,shy_voter,0.014473057000031986
0.2,0,mrp_misreport_rr_poststrat,mean_runtime_sec,1000,6,shy_fixed,shy_voter,0.6379748750000545
0.5,0,mrp_rr_poststrat,mean_overall_l1,1000,1,shy_fixed,shy_voter,0.12211696326136591
0.5,0,raw_reported_distribution,mean_overall_l1,1000,2,shy_fixed,shy_voter,0.17559999999999998
0.5,1,neural_rr_mrp,mean_overall_l1,1000,3,shy_fixed,shy_voter,0.19762352332073854
0.5,0,mrp_misreport_rr_poststrat,mean_overall_l1,1000,4,shy_fixed,shy_voter,0.21359725512705327
0.5,0,mrp_learned_misreport_rr_poststrat,mean_overall_l1,1000,5,shy_fixed,shy_voter,0.23102522704505274
0.5,0,baseline_rr_debias,mean_overall_l1,1000,6,shy_fixed,shy_voter,0.2391045857775757
0.5,0,mrp_rr_poststrat,mean_weighted_region_l1,1000,1,shy_fixed,shy_voter,0.37754886904358864
0.5,0,raw_reported_distribution,mean_weighted_region_l1,1000,2,shy_fixed,shy_voter,0.38381308359004745
0.5,1,neural_rr_mrp,mean_weighted_region_l1,1000,3,shy_fixed,shy_voter,0.4105914349335505
0.5,0,mrp_misreport_rr_poststrat,mean_weighted_region_l1,1000,4,shy_fixed,shy_voter,0.4223217487201945
0.5,0,mrp_learned_misreport_rr_poststrat,mean_weighted_region_l1,1000,5,shy_fixed,shy_voter,0.4289031787632225
0.5,0,baseline_rr_debias,mean_weighted_region_l1,1000,6,shy_fixed,shy_voter,0.7356630785254115
0.5,0,mrp_rr_poststrat,mean_weighted_age_l1,1000,1,shy_fixed,shy_voter,0.2882110688447952
0.5,1,neural_rr_mrp,mean_weighted_age_l1,1000,2,shy_fixed,shy_voter,0.3258883348327365
0.5,0,mrp_misreport_rr_poststrat,mean_weighted_age_l1,1000,3,shy_fixed,shy_voter,0.33155818046533225
0.5,0,raw_reported_distribution,mean_weighted_age_l1,1000,4,shy_fixed,shy_voter,0.33764401018940443
0.5,0,mrp_learned_misreport_rr_poststrat,mean_weighted_age_l1,1000,5,shy_fixed,shy_voter,0.34206501171351006
0.5,0,baseline_rr_debias,mean_weighted_age_l1,1000,6,shy_fixed,shy_voter,0.77649756292287
0.5,0,raw_reported_distribution,mean_runtime_sec,1000,1,shy_fixed,shy_voter,0.00038176399993972154
0.5,0,baseline_rr_debias,mean_runtime_sec,1000,2,shy_fixed,shy_voter,0.0015564929999527521
0.5,0,mrp_rr_poststrat,mean_runtime_sec,1000,3,shy_fixed,shy_voter,0.0034055569999509316
0.5,0,mrp_learned_misreport_rr_poststrat,mean_runtime_sec,1000,4,shy_fixed,shy_voter,0.005095450000226265
0.5,1,neural_rr_mrp,mean_runtime_sec,1000,5,shy_fixed,shy_voter,0.06754036800020913
0.5,0,mrp_misreport_rr_poststrat,mean_runtime_sec,1000,6,shy_fixed,shy_voter,2.322830724999676
1.0,0,raw_reported_distribution,mean_overall_l1,1000,1,shy_fixed,shy_voter,0.14959999999999998
1.0,0,mrp_rr_poststrat,mean_overall_l1,1000,2,shy_fixed,shy_voter,0.19606840121746064
1.0,0,mrp_misreport_rr_poststrat,mean_overall_l1,1000,3,shy_fixed,shy_voter,0.21187180827686738
1.0,0,mrp_learned_misreport_rr_poststrat,mean_overall_l1,1000,4,shy_fixed,shy_voter,0.23043259888708353
1.0,1,neural_rr_mrp,mean_overall_l1,1000,5,shy_fixed,shy_voter,0.2573363223644356
1.0,0,baseline_rr_debias,mean_overall_l1,1000,6,shy_fixed,shy_voter,0.29191513752972764
1.0,0,raw_reported_distribution,mean_weighted_region_l1,1000,1,shy_fixed,shy_voter,0.2943235671455036
1.0,0,mrp_rr_poststrat,mean_weighted_region_l1,1000,2,shy_fixed,shy_voter,0.4013356799006462
1.0,0,mrp_misreport_rr_poststrat,mean_weighted_region_l1,1000,3,shy_fixed,shy_voter,0.42093734142280254
1.0,0,mrp_learned_misreport_rr_poststrat,mean_weighted_region_l1,1000,4,shy_fixed,shy_voter,0.4280735003188024
1.0,0,baseline_rr_debias,mean_weighted_region_l1,1000,5,shy_fixed,shy_voter,0.43121526258210024
1.0,1,neural_rr_mrp,mean_weighted_region_l1,1000,6,shy_fixed,shy_voter,0.43811539566964763
1.0,0,raw_reported_distribution,mean_weighted_age_l1,1000,1,shy_fixed,shy_voter,0.3012159943422658
1.0,0,mrp_rr_poststrat,mean_weighted_age_l1,1000,2,shy_fixed,shy_voter,0.3176649886488915
1.0,0,mrp_misreport_rr_poststrat,mean_weighted_age_l1,1000,3,shy_fixed,shy_voter,0.33003155011924357
1.0,0,mrp_learned_misreport_rr_poststrat,mean_weighted_age_l1,1000,4,shy_fixed,shy_voter,0.3410927049076532
1.0,1,neural_rr_mrp,mean_weighted_age_l1,1000,5,shy_fixed,shy_voter,0.3581334775569386
1.0,0,baseline_rr_debias,mean_weighted_age_l1,1000,6,shy_fixed,shy_voter,0.6348186859948991
1.0,0,raw_reported_distribution,mean_runtime_sec,1000,1,shy_fixed,shy_voter,0.0006566710003426124
1.0,0,baseline_rr_debias,mean_runtime_sec,1000,2,shy_fixed,shy_voter,0.001516744000127801
1.0,0,mrp_learned_misreport_rr_poststrat,mean_runtime_sec,1000,3,shy_fixed,shy_voter,0.004145777000303497
1.0,0,mrp_rr_poststrat,mean_runtime_sec,1000,4,shy_fixed,shy_voter,0.004205878999982815
1.0,1,neural_rr_mrp,mean_runtime_sec,1000,5,shy_fixed,shy_voter,0.015256048000082956
1.0,0,mrp_misreport_rr_poststrat,mean_runtime_sec,1000,6,shy_fixed,shy_voter,2.374215407000065
2.0,1,neural_rr_mrp,mean_overall_l1,1000,1,shy_fixed,shy_voter,0.0908886236689795
2.0,0,baseline_rr_debias,mean_overall_l1,1000,2,shy_fixed,shy_voter,0.09643388140492659
2.0,0,raw_reported_distribution,mean_overall_l1,1000,3,shy_fixed,shy_voter,0.10840000000000004
2.0,0,mrp_rr_poststrat,mean_overall_l1,1000,4,shy_fixed,shy_voter,0.17140383971929551
2.0,0,mrp_misreport_rr_poststrat,mean_overall_l1,1000,5,shy_fixed,shy_voter,0.20833008765185615
2.0,0,mrp_learned_misreport_rr_poststrat,mean_overall_l1,1000,6,shy_fixed,shy_voter,0.2260522091624315
2.0,0,raw_reported_distribution,mean_weighted_region_l1,1000,1,shy_fixed,shy_voter,0.25061052770961173
2.0,0,baseline_rr_debias,mean_weighted_region_l1,1000,2,shy_fixed,shy_voter,0.30703965164226715
2.0,1,neural_rr_mrp,mean_weighted_region_l1,1000,3,shy_fixed,shy_voter,0.3659701460520342
2.0,0,mrp_rr_poststrat,mean_weighted_region_l1,1000,4,shy_fixed,shy_voter,0.4041231547057629
2.0,0,mrp_misreport_rr_poststrat,mean_weighted_region_l1,1000,5,shy_fixed,shy_voter,0.41899603812244257
2.0,0,mrp_learned_misreport_rr_poststrat,mean_weighted_region_l1,1000,6,shy_fixed,shy_voter,0.4259337977046271
2.0,0,baseline_rr_debias,mean_weighted_age_l1,1000,1,shy_fixed,shy_voter,0.16572288468706742
2.0,0,raw_reported_distribution,mean_weighted_age_l1,1000,2,shy_fixed,shy_voter,0.17735260769060351
2.0,1,neural_rr_mrp,mean_weighted_age_l1,1000,3,shy_fixed,shy_voter,0.2622000756296577
2.0,0,mrp_rr_poststrat,mean_weighted_age_l1,1000,4,shy_fixed,shy_voter,0.3108025760114193
2.0,0,mrp_misreport_rr_poststrat,mean_weighted_age_l1,1000,5,shy_fixed,shy_voter,0.3282431972730177
2.0,0,mrp_learned_misreport_rr_poststrat,mean_weighted_age_l1,1000,6,shy_fixed,shy_voter,0.3387619776241712
2.0,0,raw_reported_distribution,mean_runtime_sec,1000,1,shy_fixed,shy_voter,0.0006362849999277387
2.0,0,baseline_rr_debias,mean_runtime_sec,1000,2,shy_fixed,shy_voter,0.0016259980002359953
2.0,0,mrp_rr_poststrat,mean_runtime_sec,1000,3,shy_fixed,shy_voter,0.0029276039999786008
2.0,0,mrp_learned_misreport_rr_poststrat,mean_runtime_sec,1000,4,shy_fixed,shy_voter,0.00344760200005112
2.0,1,neural_rr_mrp,mean_runtime_sec,1000,5,shy_fixed,shy_voter,0.013494785000148113
2.0,0,mrp_misreport_rr_poststrat,mean_runtime_sec,1000,6,shy_fixed,shy_voter,1.265949883000303
0.2,0,mrp_misreport_rr_poststrat,mean_overall_l1,500,1,shy_privacy_helps,privacy_helps,0.21434307063017655
0.2,0,mrp_learned_misreport_rr_poststrat,mean_overall_l1,500,2,shy_privacy_helps,privacy_helps,0.23183102296901745
0.2,0,raw_reported_distribution,mean_overall_l1,500,3,shy_privacy_helps,privacy_helps,0.2796689655172414
0.2,0,mrp_rr_poststrat,mean_overall_l1,500,4,shy_privacy_helps,privacy_helps,0.3420997990161181
0.2,1,neural_rr_mrp,mean_overall_l1,500,5,shy_privacy_helps,privacy_helps,0.4345063306310607
0.2,0,baseline_rr_debias,mean_overall_l1,500,6,shy_privacy_helps,privacy_helps,0.810843777672328
0.2,0,mrp_misreport_rr_poststrat,mean_weighted_region_l1,500,1,shy_privacy_helps,privacy_helps,0.42263920380039205
0.2,0,mrp_learned_misreport_rr_poststrat,mean_weighted_region_l1,500,2,shy_privacy_helps,privacy_helps,0.4292900650512423
0.2,0,mrp_rr_poststrat,mean_weighted_region_l1,500,3,shy_privacy_helps,privacy_helps,0.48536286144554613
0.2,0,raw_reported_distribution,mean_weighted_region_l1,500,4,shy_privacy_helps,privacy_helps,0.5066049913258203
0.2,1,neural_rr_mrp,mean_weighted_region_l1,500,5,shy_privacy_helps,privacy_helps,0.5420861112526953
0.2,0,baseline_rr_debias,mean_weighted_region_l1,500,6,shy_privacy_helps,privacy_helps,1.078042857142857
0.2,0,mrp_misreport_rr_poststrat,mean_weighted_age_l1,500,1,shy_privacy_helps,privacy_helps,0.3318265660633366
0.2,0,mrp_learned_misreport_rr_poststrat,mean_weighted_age_l1,500,2,shy_privacy_helps,privacy_helps,0.3424012422392725
0.2,0,mrp_rr_poststrat,mean_weighted_age_l1,500,3,shy_privacy_helps,privacy_helps,0.41364751875698563
0.2,0,raw_reported_distribution,mean_weighted_age_l1,500,4,shy_privacy_helps,privacy_helps,0.44375957901884844
0.2,1,neural_rr_mrp,mean_weighted_age_l1,500,5,shy_privacy_helps,privacy_helps,0.4883028785003731
0.2,0,baseline_rr_debias,mean_weighted_age_l1,500,6,shy_privacy_helps,privacy_helps,1.2912000000000001
0.2,0,raw_reported_distribution,mean_runtime_sec,500,1,shy_privacy_helps,privacy_helps,0.00032378500009144773
0.2,0,baseline_rr_debias,mean_runtime_sec,500,2,shy_privacy_helps,privacy_helps,0.001128278000123828
0.2,0,mrp_rr_poststrat,mean_runtime_sec,500,3,shy_privacy_helps,privacy_helps,0.002456611000070552
0.2,0,mrp_learned_misreport_rr_poststrat,mean_runtime_sec,500,4,shy_privacy_helps,privacy_helps,0.00366744299981292
0.2,1,neural_rr_mrp,mean_runtime_sec,500,5,shy_privacy_helps,privacy_helps,0.012063065999882383
0.2,0,mrp_misreport_rr_poststrat,mean_runtime_sec,500,6,shy_privacy_helps,privacy_helps,0.639794701000028
0.5,0,mrp_misreport_rr_poststrat,mean_overall_l1,500,1,shy_privacy_helps,privacy_helps,0.21420140637989857
0.5,0,raw_reported_distribution,mean_overall_l1,500,2,shy_privacy_helps,privacy_helps,0.22055566502463056
0.5,0,mrp_learned_misreport_rr_poststrat,mean_overall_l1,500,3,shy_privacy_helps,privacy_helps,0.23166821397786694
0.5,0,mrp_rr_poststrat,mean_overall_l1,500,4,shy_privacy_helps,privacy_helps,0.27900968166589735
0.5,1,neural_rr_mrp,mean_overall_l1,500,5,shy_privacy_helps,privacy_helps,0.3384999616723539
0.5,0,baseline_rr_debias,mean_overall_l1,500,6,shy_privacy_helps,privacy_helps,0.6040970063641058
0.5,0,raw_reported_distribution,mean_weighted_region_l1,500,1,shy_privacy_helps,privacy_helps,0.4018991182498637
0.5,0,mrp_misreport_rr_poststrat,mean_weighted_region_l1,500,2,shy_privacy_helps,privacy_helps,0.4227308498141504
0.5,0,mrp_learned_misreport_rr_poststrat,mean_weighted_region_l1,500,3,shy_privacy_helps,privacy_helps,0.42945727574593257
0.5,0,mrp_rr_poststrat,mean_weighted_region_l1,500,4,shy_privacy_helps,privacy_helps,0.4771551211059093
0.5,1,neural_rr_mrp,mean_weighted_region_l1,500,5,shy_privacy_helps,privacy_helps,0.4800603525898468
0.5,0,baseline_rr_debias,mean_weighted_region_l1,500,6,shy_privacy_helps,privacy_helps,0.8365154617884836
0.5,0,raw_reported_distribution,mean_weighted_age_l1,500,1,shy_privacy_helps,privacy_helps,0.29890681334351926
0.5,0,mrp_misreport_rr_poststrat,mean_weighted_age_l1,500,2,shy_privacy_helps,privacy_helps,0.3317610733787918
0.5,0,mrp_learned_misreport_rr_poststrat,mean_weighted_age_l1,500,3,shy_privacy_helps,privacy_helps,0.34244787946528266
0.5,0,mrp_rr_poststrat,mean_weighted_age_l1,500,4,shy_privacy_helps,privacy_helps,0.39394882959127425
0.5,1,neural_rr_mrp,mean_weighted_age_l1,500,5,shy_privacy_helps,privacy_helps,0.40023185000682454
0.5,0,baseline_rr_debias,mean_weighted_age_l1,500,6,shy_privacy_helps,privacy_helps,0.7763108431027883
0.5,0,raw_reported_distribution,mean_runtime_sec,500,1,shy_privacy_helps,privacy_helps,0.00032754699986980995
0.5,0,baseline_rr_debias,mean_runtime_sec,500,2,shy_privacy_helps,privacy_helps,0.001006720000077621
0.5,0,mrp_rr_poststrat,mean_runtime_sec,500,3,shy_privacy_helps,privacy_helps,0.0024812939996081695
0.5,0,mrp_learned_misreport_rr_poststrat,mean_runtime_sec,500,4,shy_privacy_helps,privacy_helps,0.08026705100019171
0.5,1,neural_rr_mrp,mean_runtime_sec,500,5,shy_privacy_helps,privacy_helps,0.20680397100022674
0.5,0,mrp_misreport_rr_poststrat,mean_runtime_sec,500,6,shy_privacy_helps,privacy_helps,1.5003386969997337
1.0,0,raw_reported_distribution,mean_overall_l1,500,1,shy_privacy_helps,privacy_helps,0.10725517241379308
1.0,1,neural_rr_mrp,mean_overall_l1,500,2,shy_privacy_helps,privacy_helps,0.1258134539232897
1.0,0,mrp_rr_poststrat,mean_overall_l1,500,3,shy_privacy_helps,privacy_helps,0.1589057912319899
1.0,0,mrp_misreport_rr_poststrat,mean_overall_l1,500,4,shy_privacy_helps,privacy_helps,0.2124199459243011
1.0,0,mrp_learned_misreport_rr_poststrat,mean_overall_l1,500,5,shy_privacy_helps,privacy_helps,0.22879029231946846
1.0,0,baseline_rr_debias,mean_overall_l1,500,6,shy_privacy_helps,privacy_helps,0.2965480365053228
1.0,0,mrp_rr_poststrat,mean_weighted_region_l1,500,1,shy_privacy_helps,privacy_helps,0.3679624554783106
1.0,1,neural_rr_mrp,mean_weighted_region_l1,500,2,shy_privacy_helps,privacy_helps,0.37194286247008135
1.0,0,raw_reported_distribution,mean_weighted_region_l1,500,3,shy_privacy_helps,privacy_helps,0.38839703637668993
1.0,0,mrp_misreport_rr_poststrat,mean_weighted_region_l1,500,4,shy_privacy_helps,privacy_helps,0.42147561839128045
1.0,0,mrp_learned_misreport_rr_poststrat,mean_weighted_region_l1,500,5,shy_privacy_helps,privacy_helps,0.427717394348285
1.0,0,baseline_rr_debias,mean_weighted_region_l1,500,6,shy_privacy_helps,privacy_helps,0.7701317792804707
1.0,1,neural_rr_mrp,mean_weighted_age_l1,500,1,shy_privacy_helps,privacy_helps,0.27091654679656674
1.0,0,mrp_rr_poststrat,mean_weighted_age_l1,500,2,shy_privacy_helps,privacy_helps,0.27559037771522993
1.0,0,raw_reported_distribution,mean_weighted_age_l1,500,3,shy_privacy_helps,privacy_helps,0.29612589986552834
1.0,0,mrp_misreport_rr_poststrat,mean_weighted_age_l1,500,4,shy_privacy_helps,privacy_helps,0.33074502465904926
1.0,0,mrp_learned_misreport_rr_poststrat,mean_weighted_age_l1,500,5,shy_privacy_helps,privacy_helps,0.3409433681679796
1.0,0,baseline_rr_debias,mean_weighted_age_l1,500,6,shy_privacy_helps,privacy_helps,0.5531406116036117
1.0,0,raw_reported_distribution,mean_runtime_sec,500,1,shy_privacy_helps,privacy_helps,0.00043869799992535263
1.0,0,baseline_rr_debias,mean_runtime_sec,500,2,shy_privacy_helps,privacy_helps,0.0012094250000700413
1.0,0,mrp_rr_poststrat,mean_runtime_sec,500,3,shy_privacy_helps,privacy_helps,0.0026361179998275475
1.0,0,mrp_learned_misreport_rr_poststrat,mean_runtime_sec,500,4,shy_privacy_helps,privacy_helps,0.003249013000186096
1.0,1,neural_rr_mrp,mean_runtime_sec,500,5,shy_privacy_helps,privacy_helps,0.08574828700011494
1.0,0,mrp_misreport_rr_poststrat,mean_runtime_sec,500,6,shy_privacy_helps,privacy_helps,2.3159248289998686
2.0,0,mrp_rr_poststrat,mean_overall_l1,500,1,shy_privacy_helps,privacy_helps,0.08082004207074643
2.0,1,neural_rr_mrp,mean_overall_l1,500,2,shy_privacy_helps,privacy_helps,0.09460184818428348
2.0,0,raw_reported_distribution,mean_overall_l1,500,3,shy_privacy_helps,privacy_helps,0.0955251231527094
2.0,0,mrp_misreport_rr_poststrat,mean_overall_l1,500,4,shy_privacy_helps,privacy_helps,0.20447044637087966
2.0,0,baseline_rr_debias,mean_overall_l1,500,5,shy_privacy_helps,privacy_helps,0.2118115291105443
2.0,0,mrp_learned_misreport_rr_poststrat,mean_overall_l1,500,6,shy_privacy_helps,privacy_helps,0.22026361332541428
2.0,0,raw_reported_distribution,mean_weighted_region_l1,500,1,shy_privacy_helps,privacy_helps,0.3606428492846124
2.0,1,neural_rr_mrp,mean_weighted_region_l1,500,2,shy_privacy_helps,privacy_helps,0.36926397400294575
2.0,0,mrp_rr_poststrat,mean_weighted_region_l1,500,3,shy_privacy_helps,privacy_helps,0.38031947935521604
2.0,0,mrp_misreport_rr_poststrat,mean_weighted_region_l1,500,4,shy_privacy_helps,privacy_helps,0.4185492329250586
2.0,0,mrp_learned_misreport_rr_poststrat,mean_weighted_region_l1,500,5,shy_privacy_helps,privacy_helps,0.4242043760540463
2.0,0,baseline_rr_debias,mean_weighted_region_l1,500,6,shy_privacy_helps,privacy_helps,0.49354692532802935
2.0,0,raw_reported_distribution,mean_weighted_age_l1,500,1,shy_privacy_helps,privacy_helps,0.22517751882379744
2.0,1,neural_rr_mrp,mean_weighted_age_l1,500,2,shy_privacy_helps,privacy_helps,0.24845507567258157
2.0,0,mrp_rr_poststrat,mean_weighted_age_l1,500,3,shy_privacy_helps,privacy_helps,0.267669877460599
2.0,0,mrp_misreport_rr_poststrat,mean_weighted_age_l1,500,4,shy_privacy_helps,privacy_helps,0.3266952019581873
2.0,0,mrp_learned_misreport_rr_poststrat,mean_weighted_age_l1,500,5,shy_privacy_helps,privacy_helps,0.33619299409587894
2.0,0,baseline_rr_debias,mean_weighted_age_l1,500,6,shy_privacy_helps,privacy_helps,0.3870400379065644
2.0,0,raw_reported_distribution,mean_runtime_sec,500,1,shy_privacy_helps,privacy_helps,0.0003070860002480913
2.0,0,baseline_rr_debias,mean_runtime_sec,500,2,shy_privacy_helps,privacy_helps,0.0010492500000509608
2.0,0,mrp_rr_poststrat,mean_runtime_sec,500,3,shy_privacy_helps,privacy_helps,0.0024538970001231064
2.0,0,mrp_learned_misreport_rr_poststrat,mean_runtime_sec,500,4,shy_privacy_helps,privacy_helps,0.002971895999962726
2.0,1,neural_rr_mrp,mean_runtime_sec,500,5,shy_privacy_helps,privacy_helps,0.014623776999997062
2.0,0,mrp_misreport_rr_poststrat,mean_runtime_sec,500,6,shy_privacy_helps,privacy_helps,1.3325390370000605
0.2,0,mrp_rr_poststrat,mean_overall_l1,1000,1,shy_privacy_helps,privacy_helps,0.15408687920570371
0.2,0,raw_reported_distribution,mean_overall_l1,1000,2,shy_privacy_helps,privacy_helps,0.18106604215456676
0.2,1,neural_rr_mrp,mean_overall_l1,1000,3,shy_privacy_helps,privacy_helps,0.20574130419920786
0.2,0,mrp_misreport_rr_poststrat,mean_overall_l1,1000,4,shy_privacy_helps,privacy_helps,0.21376826230655652
0.2,0,mrp_learned_misreport_rr_poststrat,mean_overall_l1,1000,5,shy_privacy_helps,privacy_helps,0.23116888605832847
0.2,0,baseline_rr_debias,mean_overall_l1,1000,6,shy_privacy_helps,privacy_helps,0.6165794627805243
0.2,0,mrp_rr_poststrat,mean_weighted_region_l1,1000,1,shy_privacy_helps,privacy_helps,0.3895608637809753
0.2,0,raw_reported_distribution,mean_weighted_region_l1,1000,2,shy_privacy_helps,privacy_helps,0.4012986287487703
0.2,1,neural_rr_mrp,mean_weighted_region_l1,1000,3,shy_privacy_helps,privacy_helps,0.41975211372510557
0.2,0,mrp_misreport_rr_poststrat,mean_weighted_region_l1,1000,4,shy_privacy_helps,privacy_helps,0.42239819263435235
0.2,0,mrp_learned_misreport_rr_poststrat,mean_weighted_region_l1,1000,5,shy_privacy_helps,privacy_helps,0.4289803061063535
0.2,0,baseline_rr_debias,mean_weighted_region_l1,1000,6,shy_privacy_helps,privacy_helps,0.9314688124821319
0.2,0,raw_reported_distribution,mean_weighted_age_l1,1000,1,shy_privacy_helps,privacy_helps,0.29914234463938866
0.2,0,mrp_rr_poststrat,mean_weighted_age_l1,1000,2,shy_privacy_helps,privacy_helps,0.3000487224578857
0.2,1,neural_rr_mrp,mean_weighted_age_l1,1000,3,shy_privacy_helps,privacy_helps,0.3178906050938907
0.2,0,mrp_misreport_rr_poststrat,mean_weighted_age_l1,1000,4,shy_privacy_helps,privacy_helps,0.3315688773151219
0.2,0,mrp_learned_misreport_rr_poststrat,mean_weighted_age_l1,1000,5,shy_privacy_helps,privacy_helps,0.3420619257295463
0.2,0,baseline_rr_debias,mean_weighted_age_l1,1000,6,shy_privacy_helps,privacy_helps,0.7096586045051317
0.2,0,raw_reported_distribution,mean_runtime_sec,1000,1,shy_privacy_helps,privacy_helps,0.00036289299987402046
0.2,0,baseline_rr_debias,mean_runtime_sec,1000,2,shy_privacy_helps,privacy_helps,0.0012084109998795611
0.2,0,mrp_rr_poststrat,mean_runtime_sec,1000,3,shy_privacy_helps,privacy_helps,0.0027707660001397016
0.2,0,mrp_learned_misreport_rr_poststrat,mean_runtime_sec,1000,4,shy_privacy_helps,privacy_helps,0.003322526000374637
0.2,1,neural_rr_mrp,mean_runtime_sec,1000,5,shy_privacy_helps,privacy_helps,0.01290715100003581
0.2,0,mrp_misreport_rr_poststrat,mean_runtime_sec,1000,6,shy_privacy_helps,privacy_helps,0.6026890570001342
0.5,0,mrp_misreport_rr_poststrat,mean_overall_l1,1000,1,shy_privacy_helps,privacy_helps,0.21500567201518145
0.5,0,mrp_learned_misreport_rr_poststrat,mean_overall_l1,1000,2,shy_privacy_helps,privacy_helps,0.23249405909071985
0.5,0,raw_reported_distribution,mean_overall_l1,1000,3,shy_privacy_helps,privacy_helps,0.28176861826697897
0.5,1,neural_rr_mrp,mean_overall_l1,1000,4,shy_privacy_helps,privacy_helps,0.3488733761379259
0.5,0,mrp_rr_poststrat,mean_overall_l1,1000,5,shy_privacy_helps,privacy_helps,0.3602344956606627
0.5,0,baseline_rr_debias,mean_overall_l1,1000,6,shy_privacy_helps,privacy_helps,0.7737929002715838
0.5,0,mrp_misreport_rr_poststrat,mean_weighted_region_l1,1000,1,shy_privacy_helps,privacy_helps,0.4230264952285761
0.5,0,mrp_learned_misreport_rr_poststrat,mean_weighted_region_l1,1000,2,shy_privacy_helps,privacy_helps,0.4297002302698441
0.5,0,raw_reported_distribution,mean_weighted_region_l1,1000,3,shy_privacy_helps,privacy_helps,0.44648619706281156
0.5,0,mrp_rr_poststrat,mean_weighted_region_l1,1000,4,shy_privacy_helps,privacy_helps,0.5039322058945894
0.5,1,neural_rr_mrp,mean_weighted_region_l1,1000,5,shy_privacy_helps,privacy_helps,0.5104627906216331
0.5,0,baseline_rr_debias,mean_weighted_region_l1,1000,6,shy_privacy_helps,privacy_helps,0.8552972621986135
0.5,0,mrp_misreport_rr_poststrat,mean_weighted_age_l1,1000,1,shy_privacy_helps,privacy_helps,0.33232024194365
0.5,0,raw_reported_distribution,mean_weighted_age_l1,1000,2,shy_privacy_helps,privacy_helps,0.3420302495638204
0.5,0,mrp_learned_misreport_rr_poststrat,mean_weighted_age_l1,1000,3,shy_privacy_helps,privacy_helps,0.3427981344902811
0.5,1,neural_rr_mrp,mean_weighted_age_l1,1000,4,shy_privacy_helps,privacy_helps,0.4091179705160153
0.5,0,mrp_rr_poststrat,mean_weighted_age_l1,1000,5,shy_privacy_helps,privacy_helps,0.42492974952161316
0.5,0,baseline_rr_debias,mean_weighted_age_l1,1000,6,shy_privacy_helps,privacy_helps,0.8369302939193541
0.5,0,raw_reported_distribution,mean_runtime_sec,1000,1,shy_privacy_helps,privacy_helps,0.00033881900026244693
0.5,0,baseline_rr_debias,mean_runtime_sec,1000,2,shy_privacy_helps,privacy_helps,0.0010018129996751668
0.5,0,mrp_rr_poststrat,mean_runtime_sec,1000,3,shy_privacy_helps,privacy_helps,0.002503942999737774
0.5,0,mrp_learned_misreport_rr_poststrat,mean_runtime_sec,1000,4,shy_privacy_helps,privacy_helps,0.003293288000350003
0.5,1,neural_rr_mrp,mean_runtime_sec,1000,5,shy_privacy_helps,privacy_helps,0.07454407899967919
0.5,0,mrp_misreport_rr_poststrat,mean_runtime_sec,1000,6,shy_privacy_helps,privacy_helps,0.8762630599999284
1.0,0,baseline_rr_debias,mean_overall_l1,1000,1,shy_privacy_helps,privacy_helps,0.1269541660761785
1.0,0,mrp_rr_poststrat,mean_overall_l1,1000,2,shy_privacy_helps,privacy_helps,0.1548992943495512
1.0,0,raw_reported_distribution,mean_overall_l1,1000,3,shy_privacy_helps,privacy_helps,0.18809180327868855
1.0,1,neural_rr_mrp,mean_overall_l1,1000,4,shy_privacy_helps,privacy_helps,0.19206108872419564
1.0,0,mrp_misreport_rr_poststrat,mean_overall_l1,1000,5,shy_privacy_helps,privacy_helps,0.21424705351522338
1.0,0,mrp_learned_misreport_rr_poststrat,mean_overall_l1,1000,6,shy_privacy_helps,privacy_helps,0.23117033678719537
1.0,0,mrp_rr_poststrat,mean_weighted_region_l1,1000,1,shy_privacy_helps,privacy_helps,0.381969263151288
1.0,0,raw_reported_distribution,mean_weighted_region_l1,1000,2,shy_privacy_helps,privacy_helps,0.38645442724019535
1.0,1,neural_rr_mrp,mean_weighted_region_l1,1000,3,shy_privacy_helps,privacy_helps,0.39674768979306224
1.0,0,mrp_misreport_rr_poststrat,mean_weighted_region_l1,1000,4,shy_privacy_helps,privacy_helps,0.42256662083662666
1.0,0,mrp_learned_misreport_rr_poststrat,mean_weighted_region_l1,1000,5,shy_privacy_helps,privacy_helps,0.4288212374516699
1.0,0,baseline_rr_debias,mean_weighted_region_l1,1000,6,shy_privacy_helps,privacy_helps,0.5346445688411965
1.0,0,raw_reported_distribution,mean_weighted_age_l1,1000,1,shy_privacy_helps,privacy_helps,0.2960646187260634
1.0,0,mrp_rr_poststrat,mean_weighted_age_l1,1000,2,shy_privacy_helps,privacy_helps,0.2960757505685091
1.0,1,neural_rr_mrp,mean_weighted_age_l1,1000,3,shy_privacy_helps,privacy_helps,0.30057457413197397
1.0,0,mrp_misreport_rr_poststrat,mean_weighted_age_l1,1000,4,shy_privacy_helps,privacy_helps,0.3317138789656503
1.0,0,mrp_learned_misreport_rr_poststrat,mean_weighted_age_l1,1000,5,shy_privacy_helps,privacy_helps,0.34191151945840104
1.0,0,baseline_rr_debias,mean_weighted_age_l1,1000,6,shy_privacy_helps,privacy_helps,0.4137818017004998
1.0,0,raw_reported_distribution,mean_runtime_sec,1000,1,shy_privacy_helps,privacy_helps,0.0003616449998844473
1.0,0,baseline_rr_debias,mean_runtime_sec,1000,2,shy_privacy_helps,privacy_helps,0.0011785020001298108
1.0,0,mrp_rr_poststrat,mean_runtime_sec,1000,3,shy_privacy_helps,privacy_helps,0.003918009000244638
1.0,0,mrp_learned_misreport_rr_poststrat,mean_runtime_sec,1000,4,shy_privacy_helps,privacy_helps,0.005886106999696494
1.0,1,neural_rr_mrp,mean_runtime_sec,1000,5,shy_privacy_helps,privacy_helps,0.10401736899984826
1.0,0,mrp_misreport_rr_poststrat,mean_runtime_sec,1000,6,shy_privacy_helps,privacy_helps,2.7802740030001587
2.0,0,mrp_rr_poststrat,mean_overall_l1,1000,1,shy_privacy_helps,privacy_helps,0.08522726115286354
2.0,1,neural_rr_mrp,mean_overall_l1,1000,2,shy_privacy_helps,privacy_helps,0.08721717137401137
2.0,0,raw_reported_distribution,mean_overall_l1,1000,3,shy_privacy_helps,privacy_helps,0.09349601873536305
2.0,0,baseline_rr_debias,mean_overall_l1,1000,4,shy_privacy_helps,privacy_helps,0.14041603306657408
2.0,0,mrp_misreport_rr_poststrat,mean_overall_l1,1000,5,shy_privacy_helps,privacy_helps,0.20773911731451133
2.0,0,mrp_learned_misreport_rr_poststrat,mean_overall_l1,1000,6,shy_privacy_helps,privacy_helps,0.22426895758798823
2.0,0,raw_reported_distribution,mean_weighted_region_l1,1000,1,shy_privacy_helps,privacy_helps,0.25266253322157617
2.0,0,baseline_rr_debias,mean_weighted_region_l1,1000,2,shy_privacy_helps,privacy_helps,0.3442688809264175
2.0,1,neural_rr_mrp,mean_weighted_region_l1,1000,3,shy_privacy_helps,privacy_helps,0.36810033913784784
2.0,0,mrp_rr_poststrat,mean_weighted_region_l1,1000,4,shy_privacy_helps,privacy_helps,0.38117615581452846
2.0,0,mrp_misreport_rr_poststrat,mean_weighted_region_l1,1000,5,shy_privacy_helps,privacy_helps,0.41890490097116934
2.0,0,mrp_learned_misreport_rr_poststrat,mean_weighted_region_l1,1000,6,shy_privacy_helps,privacy_helps,0.42528445640646095
2.0,0,raw_reported_distribution,mean_weighted_age_l1,1000,1,shy_privacy_helps,privacy_helps,0.19103671620223017
2.0,0,baseline_rr_debias,mean_weighted_age_l1,1000,2,shy_privacy_helps,privacy_helps,0.2591190505772741
2.0,1,neural_rr_mrp,mean_weighted_age_l1,1000,3,shy_privacy_helps,privacy_helps,0.2645185281682026
2.0,0,mrp_rr_poststrat,mean_weighted_age_l1,1000,4,shy_privacy_helps,privacy_helps,0.2859311160892248
2.0,0,mrp_misreport_rr_poststrat,mean_weighted_age_l1,1000,5,shy_privacy_helps,privacy_helps,0.32745428711386215
2.0,0,mrp_learned_misreport_rr_poststrat,mean_weighted_age_l1,1000,6,shy_privacy_helps,privacy_helps,0.3377709093065613
2.0,0,raw_reported_distribution,mean_runtime_sec,1000,1,shy_privacy_helps,privacy_helps,0.0004086420003659441
2.0,0,baseline_rr_debias,mean_runtime_sec,1000,2,shy_privacy_helps,privacy_helps,0.0012758719999510504
2.0,0,mrp_rr_poststrat,mean_runtime_sec,1000,3,shy_privacy_helps,privacy_helps,0.0028607969998120097
2.0,0,mrp_learned_misreport_rr_poststrat,mean_runtime_sec,1000,4,shy_privacy_helps,privacy_helps,0.0034162920001108432
2.0,1,neural_rr_mrp,mean_runtime_sec,1000,5,shy_privacy_helps,privacy_helps,0.059631351999996696
2.0,0,mrp_misreport_rr_poststrat,mean_runtime_sec,1000,6,shy_privacy_helps,privacy_helps,1.624954832000185
